{
  "settings": {
    "finders": [
      {
        "config": {
          "settings": {
            "config_path": ":/ffe/refinder_roi_common.json"
          },
          "type": "ffe_refinder"
        },
        "dispatch": "*"
      },
      {
        "config": {
          "settings": {
            "preprocessing_maximal_width": 800,
            "descriptors_computer_path": ":/ffe/rfd.json",
            "keypoints_extractor_path": ":/ffe/yape.json"
          },
          "type": "ffe_keypoints"
        },
        "dispatch": "*"
      }
    ]
  },
  "type": "multi_sequence"
}
