{
  "gbr.visa.type2": {
    "(documentation)": {
      "description": "British Visa (British emblem on the background, main page)", 
      "name": "British Visa", 
      "prado_link": "http://www.consilium.europa.eu/prado/en/GBR-CO-02002/index.html"
    }, 
    "forensic_fields": [
      "check_cd_number_mrz", 
      "check_cd_birth_date_mrz", 
      "check_cd_expiry_date_mrz"
    ], 
    "output_fields": [
      "number", 
      "birth_date", 
      "passport_number", 
      "photo", 
      "vaf_number", 
      "nationality", 
      "gender", 
      "entries_number", 
      "entry_date", 
      "until_date", 
      "issue_place", 
      "name", 
      "type", 
      "observation", 
      "full_mrz", 
      "mrz_doc_type_code", 
      "mrz_issuer", 
      "mrz_expiry_date", 
      "mrz_opt_data_2", 
      "mrz_birth_date", 
      "mrz_nationality", 
      "mrz_number", 
      "mrz_line1", 
      "mrz_gender", 
      "mrz_line2", 
      "mrz_last_name", 
      "mrz_name"
    ], 
    "postprocessors": [
      ":/postprocessor/mrz/mrz_postprocessor_slot.json", 
      ":/postprocessor/mrz/mrz_convention_renaming_slot_notype.json", 
      {
        "input_fields": ["birth_date"], 
        "postprocessor": ":/postprocessor/date/default_birth_date_DDMMYYYY_postprocessor.json"
      }, 
      {
        "input_fields": ["entry_date"], 
        "postprocessor": ":/postprocessor/date/default_expiry_date_DDMMYYYY_postprocessor.json"
      }, 
      {
        "input_fields": ["until_date"], 
        "postprocessor": ":/postprocessor/date/default_expiry_date_DDMMYYYY_postprocessor.json"
      }, 
      {
        "input_fields": ["entries_number"], 
        "postprocessor": "postprocessors/visa_enumber_postprocessor.json"
      }, 
      {
        "input_fields": ["passport_number"], 
        "postprocessor": ":/postprocessor/alphabet/digits_only_number_8_postprocessor.json"
      }, 
      {
        "input_fields": ["vaf_number"], 
        "postprocessor": ":/postprocessor/alphabet/digits_only_number_6_postprocessor.json"
      }, 
      {
        "input_fields": ["number"], 
        "postprocessor": ":/postprocessor/alphabet/digits_only_number_9_postprocessor.json"
      }, 
      {
        "input_fields": ["name"], 
        "postprocessor": ":/postprocessor/alphabet/eng_letters_alphabet_postprocessor.json"
      }, 
      {
        "input_fields": ["issue_place"], 
        "postprocessor": ":/postprocessor/alphabet/eng_letters_alphabet_postprocessor.json"
      }
    ], 
    "rejectors": {"__default__": ":/rejector/default_loyal_rejector.json"}, 
    "templates": {"gbr.visa.type2:main": {"path": "tpl__gbr.visa.type2.main.json"}}
  }
}