{
  "gbr.drvlic.type1": {
    "(documentation)": {
      "description": "British Driver License (line of text on the top, front)", 
      "name": "British Driver License",
      "prado_link": "http://www.consilium.europa.eu/prado/en/GBR-FO-06001/index.html"
    }, 
    "expected_templates": [
      "gbr.drvlic.type1:front",
      "gbr.drvlic.type1:back"
    ], 
    "output_fields": [
      "issue_date", 
      "surname", 
      "name", 
      "photo", 
      "number", 
      "authority", 
      "expiry_date", 
      "birth_place", 
      "signature", 
      "birth_date", 
      "residence",
      "lic_number",
      "issue_date_category_am",
      "issue_date_category_a1",
      "issue_date_category_a2",
      "issue_date_category_a",
      "issue_date_category_b1",
      "issue_date_category_b",
      "issue_date_category_c",
      "issue_date_category_c1",
      "issue_date_category_d",
      "issue_date_category_d1",
      "issue_date_category_be",
      "issue_date_category_c1e",
      "issue_date_category_ce",
      "issue_date_category_d1e",
      "issue_date_category_de",
      "issue_date_category_fklnpq",
      "issue_date_category_fklnp",
      "expiry_date_category_am",
      "expiry_date_category_a1",
      "expiry_date_category_a2",
      "expiry_date_category_a",
      "expiry_date_category_b1",
      "expiry_date_category_b",
      "expiry_date_category_c",
      "expiry_date_category_c1",
      "expiry_date_category_d",
      "expiry_date_category_d1",
      "expiry_date_category_be",
      "expiry_date_category_c1e",
      "expiry_date_category_ce",
      "expiry_date_category_d1e",
      "expiry_date_category_de",
      "expiry_date_category_fklnpq",
      "expiry_date_category_fklnp"
    ], 
    "postprocessors": [
      {
        "input_fields": [
          "lic_number"
        ], 
        "postprocessor": "postprocessors/lic_number_strings_replacer.json"
      }, 
      {
        "input_fields": ["surname"], 
        "postprocessor": ":/postprocessor/strings_replacer_vv.json"
      }, 
      {
        "input_fields": ["name"], 
        "postprocessor": ":/postprocessor/strings_replacer_vv.json"
      }, 
      {
        "input_fields": ["authority"], 
        "postprocessor": ":/postprocessor/strings_replacer_vv.json"
      }, 
      {
        "input_fields": ["birth_place"], 
        "postprocessor": ":/postprocessor/strings_replacer_vv.json"
      }, 
      {
        "input_fields": ["residence"], 
        "postprocessor": ":/postprocessor/strings_replacer_vv.json"
      },  
      {
        "input_fields": ["number"], 
        "postprocessor": "postprocessors/drv_number_postprocessor.json"
      }, 
      {
        "input_fields": ["issue_date"], 
        "postprocessor": ":/postprocessor/date/default_issue_date_DDMMYYYY_postprocessor.json"
      }, 
      {
        "input_fields": ["birth_date"], 
        "postprocessor": ":/postprocessor/date/default_birth_date_DDMMYYYY_postprocessor.json"
      }, 
      {
        "input_fields": ["expiry_date"], 
        "postprocessor": ":/postprocessor/date/default_expiry_date_DDMMYYYY_postprocessor.json"
      }, 
      {
        "input_fields": ["name"], 
        "postprocessor": ":/postprocessor/alphabet/eng_letters_alphabet_postprocessor.json"
      }, 
      {
        "input_fields": ["authority"], 
        "postprocessor": "postprocessors/drvlic_authority_postprocessor.json"
      }, 
      {
        "input_fields": ["name"], 
        "postprocessor": "postprocessors/first_name_postprocessor.json"
      }, 
      {
        "input_fields": ["surname"], 
        "postprocessor": "postprocessors/second_name_postprocessor.json"
      },
      {
        "input_fields": ["lic_number"], 
        "postprocessor": ":/postprocessor/spaces_filter.json"
      },
      {
      "input_fields": ["issue_date_1"], 
        "postprocessor": ":/postprocessor/date/default_issue_date_DDMMYY_formatter.json"
      }, 
      {
      "input_fields": ["issue_date_2"], 
        "postprocessor": ":/postprocessor/date/default_issue_date_DDMMYY_formatter.json"
      }, 
      {
      "input_fields": ["issue_date_3"], 
        "postprocessor": ":/postprocessor/date/default_issue_date_DDMMYY_formatter.json"
      }, 
      {
      "input_fields": ["issue_date_4"], 
        "postprocessor": ":/postprocessor/date/default_issue_date_DDMMYY_formatter.json"
      }, 
      {
      "input_fields": ["issue_date_5"], 
        "postprocessor": ":/postprocessor/date/default_issue_date_DDMMYY_formatter.json"
      }, 
      {
      "input_fields": ["issue_date_6"], 
        "postprocessor": ":/postprocessor/date/default_issue_date_DDMMYY_formatter.json"
      }, 
      {
      "input_fields": ["issue_date_7"], 
        "postprocessor": ":/postprocessor/date/default_issue_date_DDMMYY_formatter.json"
      }, 
      {
      "input_fields": ["issue_date_8"], 
        "postprocessor": ":/postprocessor/date/default_issue_date_DDMMYY_formatter.json"
      }, 
      {
      "input_fields": ["issue_date_9"], 
        "postprocessor": ":/postprocessor/date/default_issue_date_DDMMYY_formatter.json"
      }, 
      {
      "input_fields": ["issue_date_10"], 
        "postprocessor": ":/postprocessor/date/default_issue_date_DDMMYY_formatter.json"
      }, 
      {
      "input_fields": ["issue_date_11"], 
        "postprocessor": ":/postprocessor/date/default_issue_date_DDMMYY_formatter.json"
      }, 
      {
      "input_fields": ["issue_date_12"], 
        "postprocessor": ":/postprocessor/date/default_issue_date_DDMMYY_formatter.json"
      }, 
      {
      "input_fields": ["issue_date_13"], 
        "postprocessor": ":/postprocessor/date/default_issue_date_DDMMYY_formatter.json"
      }, 
      {
      "input_fields": ["expiry_date_1"], 
        "postprocessor": ":/postprocessor/date/default_expiry_date_DDMMYY_formatter.json"
      }, 
      {
      "input_fields": ["expiry_date_2"], 
        "postprocessor": ":/postprocessor/date/default_expiry_date_DDMMYY_formatter.json"
      }, 
      {
      "input_fields": ["expiry_date_3"], 
        "postprocessor": ":/postprocessor/date/default_expiry_date_DDMMYY_formatter.json"
      }, 
      {
      "input_fields": ["expiry_date_4"], 
        "postprocessor": ":/postprocessor/date/default_expiry_date_DDMMYY_formatter.json"
      }, 
      {
      "input_fields": ["expiry_date_5"], 
        "postprocessor": ":/postprocessor/date/default_expiry_date_DDMMYY_formatter.json"
      }, 
      {
      "input_fields": ["expiry_date_6"], 
        "postprocessor": ":/postprocessor/date/default_expiry_date_DDMMYY_formatter.json"
      }, 
      {
      "input_fields": ["expiry_date_7"], 
        "postprocessor": ":/postprocessor/date/default_expiry_date_DDMMYY_formatter.json"
      }, 
      {
      "input_fields": ["expiry_date_8"], 
        "postprocessor": ":/postprocessor/date/default_expiry_date_DDMMYY_formatter.json"
      }, 
      {
      "input_fields": ["expiry_date_9"], 
        "postprocessor": ":/postprocessor/date/default_expiry_date_DDMMYY_formatter.json"
      }, 
      {
      "input_fields": ["expiry_date_10"], 
        "postprocessor": ":/postprocessor/date/default_expiry_date_DDMMYY_formatter.json"
      }, 
      {
      "input_fields": ["expiry_date_11"], 
        "postprocessor": ":/postprocessor/date/default_expiry_date_DDMMYY_formatter.json"
      }, 
      {
      "input_fields": ["expiry_date_12"], 
        "postprocessor": ":/postprocessor/date/default_expiry_date_DDMMYY_formatter.json"
      }, 
      {
      "input_fields": ["expiry_date_13"], 
        "postprocessor": ":/postprocessor/date/default_expiry_date_DDMMYY_formatter.json"
      }, 
      {
        "input_fields": ["category1"], 
        "postprocessor": ":/postprocessor/spaces_filter.json"
      },
      {
        "input_fields": ["category2"], 
        "postprocessor": ":/postprocessor/spaces_filter.json"
      },
      {
        "input_fields": ["category3"], 
        "postprocessor": ":/postprocessor/spaces_filter.json"
      },
      {
        "input_fields": ["category4"], 
        "postprocessor": ":/postprocessor/spaces_filter.json"
      },
      {
        "input_fields": ["category5"], 
        "postprocessor": ":/postprocessor/spaces_filter.json"
      },
      {
        "input_fields": ["category6"], 
        "postprocessor": ":/postprocessor/spaces_filter.json"
      },
      {
        "input_fields": ["category7"], 
        "postprocessor": ":/postprocessor/spaces_filter.json"
      },
      {
        "input_fields": ["category8"], 
        "postprocessor": ":/postprocessor/spaces_filter.json"
      },
      {
        "input_fields": ["category9"], 
        "postprocessor": ":/postprocessor/spaces_filter.json"
      },
      {
        "input_fields": ["category10"], 
        "postprocessor": ":/postprocessor/spaces_filter.json"
      },
      {
        "input_fields": ["category11"], 
        "postprocessor": ":/postprocessor/spaces_filter.json"
      },
      {
        "input_fields": ["category12"], 
        "postprocessor": ":/postprocessor/spaces_filter.json"
      },
      {
        "input_fields": ["category13"], 
        "postprocessor": ":/postprocessor/spaces_filter.json"
      },
      {
        "input_fields": ["category1"], 
        "postprocessor": "postprocessors/category_levdict_postprocessor.json"
      },
      {
        "input_fields": ["category2"], 
        "postprocessor": "postprocessors/category_levdict_postprocessor.json"
      },
      {
        "input_fields": ["category3"], 
        "postprocessor": "postprocessors/category_levdict_postprocessor.json"
      },
      {
        "input_fields": ["category4"], 
        "postprocessor": "postprocessors/category_levdict_postprocessor.json"
      },
      {
        "input_fields": ["category5"], 
        "postprocessor": "postprocessors/category_levdict_postprocessor.json"
      },
      {
        "input_fields": ["category6"], 
        "postprocessor": "postprocessors/category_levdict_postprocessor.json"
      },
      {
        "input_fields": ["category7"], 
        "postprocessor": "postprocessors/category_levdict_postprocessor.json"
      },
      {
        "input_fields": ["category8"], 
        "postprocessor": "postprocessors/category_levdict_postprocessor.json"
      },
      {
        "input_fields": ["category9"], 
        "postprocessor": "postprocessors/category_levdict_postprocessor.json"
      },
      {
        "input_fields": ["category10"], 
        "postprocessor": "postprocessors/category_levdict_postprocessor.json"
      },
      {
        "input_fields": ["category11"], 
        "postprocessor": "postprocessors/category_levdict_postprocessor.json"
      },
      {
        "input_fields": ["category12"], 
        "postprocessor": "postprocessors/category_levdict_postprocessor.json"
      },
      {
        "input_fields": ["category13"], 
        "postprocessor": "postprocessors/category_levdict_postprocessor.json"
      },
      {
        "postprocessor": "postprocessors/category_issue_date_1_postprocessor.json",
        "input_fields": [
          "issue_date_1",
          "category1"
        ],
        "output_fields": [
          "issue_date_category_am",
          "issue_date_category_a1",
          "issue_date_category_a2",
          "issue_date_category_a",
          "issue_date_category_b1",
          "issue_date_category_b",
          "issue_date_category_c",
          "issue_date_category_c1",
          "issue_date_category_d",
          "issue_date_category_d1",
          "issue_date_category_be",
          "issue_date_category_c1e",
          "issue_date_category_ce",
          "issue_date_category_d1e",
          "issue_date_category_de",
          "issue_date_category_fklnpq",
          "issue_date_category_fklnp"
        ]
      },
      {
        "postprocessor": "postprocessors/category_issue_date_2_postprocessor.json",
        "input_fields": [
          "issue_date_2",
          "category2"
        ],
        "output_fields": [
          "issue_date_category_am",
          "issue_date_category_a1",
          "issue_date_category_a2",
          "issue_date_category_a",
          "issue_date_category_b1",
          "issue_date_category_b",
          "issue_date_category_c",
          "issue_date_category_c1",
          "issue_date_category_d",
          "issue_date_category_d1",
          "issue_date_category_be",
          "issue_date_category_c1e",
          "issue_date_category_ce",
          "issue_date_category_d1e",
          "issue_date_category_de",
          "issue_date_category_fklnpq",
          "issue_date_category_fklnp"
        ]
      },
      {
        "postprocessor": "postprocessors/category_issue_date_3_postprocessor.json",
        "input_fields": [
          "issue_date_3",
          "category3"
        ],
        "output_fields": [
          "issue_date_category_am",
          "issue_date_category_a1",
          "issue_date_category_a2",
          "issue_date_category_a",
          "issue_date_category_b1",
          "issue_date_category_b",
          "issue_date_category_c",
          "issue_date_category_c1",
          "issue_date_category_d",
          "issue_date_category_d1",
          "issue_date_category_be",
          "issue_date_category_c1e",
          "issue_date_category_ce",
          "issue_date_category_d1e",
          "issue_date_category_de",
          "issue_date_category_fklnpq",
          "issue_date_category_fklnp"
        ]
      },
      {
        "postprocessor": "postprocessors/category_issue_date_4_postprocessor.json",
        "input_fields": [
          "issue_date_4",
          "category4"
        ],
        "output_fields": [
          "issue_date_category_am",
          "issue_date_category_a1",
          "issue_date_category_a2",
          "issue_date_category_a",
          "issue_date_category_b1",
          "issue_date_category_b",
          "issue_date_category_c",
          "issue_date_category_c1",
          "issue_date_category_d",
          "issue_date_category_d1",
          "issue_date_category_be",
          "issue_date_category_c1e",
          "issue_date_category_ce",
          "issue_date_category_d1e",
          "issue_date_category_de",
          "issue_date_category_fklnpq",
          "issue_date_category_fklnp"
        ]
      },
      {
        "postprocessor": "postprocessors/category_issue_date_5_postprocessor.json",
        "input_fields": [
          "issue_date_5",
          "category5"
        ],
        "output_fields": [
          "issue_date_category_am",
          "issue_date_category_a1",
          "issue_date_category_a2",
          "issue_date_category_a",
          "issue_date_category_b1",
          "issue_date_category_b",
          "issue_date_category_c",
          "issue_date_category_c1",
          "issue_date_category_d",
          "issue_date_category_d1",
          "issue_date_category_be",
          "issue_date_category_c1e",
          "issue_date_category_ce",
          "issue_date_category_d1e",
          "issue_date_category_de",
          "issue_date_category_fklnpq",
          "issue_date_category_fklnp"
        ]
      },
      {
        "postprocessor": "postprocessors/category_issue_date_6_postprocessor.json",
        "input_fields": [
          "issue_date_6",
          "category6"
        ],
        "output_fields": [
          "issue_date_category_am",
          "issue_date_category_a1",
          "issue_date_category_a2",
          "issue_date_category_a",
          "issue_date_category_b1",
          "issue_date_category_b",
          "issue_date_category_c",
          "issue_date_category_c1",
          "issue_date_category_d",
          "issue_date_category_d1",
          "issue_date_category_be",
          "issue_date_category_c1e",
          "issue_date_category_ce",
          "issue_date_category_d1e",
          "issue_date_category_de",
          "issue_date_category_fklnpq",
          "issue_date_category_fklnp"
        ]
      },
      {
        "postprocessor": "postprocessors/category_issue_date_7_postprocessor.json",
        "input_fields": [
          "issue_date_7",
          "category7"
        ],
        "output_fields": [
          "issue_date_category_am",
          "issue_date_category_a1",
          "issue_date_category_a2",
          "issue_date_category_a",
          "issue_date_category_b1",
          "issue_date_category_b",
          "issue_date_category_c",
          "issue_date_category_c1",
          "issue_date_category_d",
          "issue_date_category_d1",
          "issue_date_category_be",
          "issue_date_category_c1e",
          "issue_date_category_ce",
          "issue_date_category_d1e",
          "issue_date_category_de",
          "issue_date_category_fklnpq",
          "issue_date_category_fklnp"
        ]
      },
      {
        "postprocessor": "postprocessors/category_issue_date_8_postprocessor.json",
        "input_fields": [
          "issue_date_8",
          "category8"
        ],
        "output_fields": [
          "issue_date_category_am",
          "issue_date_category_a1",
          "issue_date_category_a2",
          "issue_date_category_a",
          "issue_date_category_b1",
          "issue_date_category_b",
          "issue_date_category_c",
          "issue_date_category_c1",
          "issue_date_category_d",
          "issue_date_category_d1",
          "issue_date_category_be",
          "issue_date_category_c1e",
          "issue_date_category_ce",
          "issue_date_category_d1e",
          "issue_date_category_de",
          "issue_date_category_fklnpq",
          "issue_date_category_fklnp"
        ]
      },
      {
        "postprocessor": "postprocessors/category_issue_date_9_postprocessor.json",
        "input_fields": [
          "issue_date_9",
          "category9"
        ],
        "output_fields": [
          "issue_date_category_am",
          "issue_date_category_a1",
          "issue_date_category_a2",
          "issue_date_category_a",
          "issue_date_category_b1",
          "issue_date_category_b",
          "issue_date_category_c",
          "issue_date_category_c1",
          "issue_date_category_d",
          "issue_date_category_d1",
          "issue_date_category_be",
          "issue_date_category_c1e",
          "issue_date_category_ce",
          "issue_date_category_d1e",
          "issue_date_category_de",
          "issue_date_category_fklnpq",
          "issue_date_category_fklnp"
        ]
      },
      {
        "postprocessor": "postprocessors/category_issue_date_10_postprocessor.json",
        "input_fields": [
          "issue_date_10",
          "category10"
        ],
        "output_fields": [
          "issue_date_category_am",
          "issue_date_category_a1",
          "issue_date_category_a2",
          "issue_date_category_a",
          "issue_date_category_b1",
          "issue_date_category_b",
          "issue_date_category_c",
          "issue_date_category_c1",
          "issue_date_category_d",
          "issue_date_category_d1",
          "issue_date_category_be",
          "issue_date_category_c1e",
          "issue_date_category_ce",
          "issue_date_category_d1e",
          "issue_date_category_de",
          "issue_date_category_fklnpq",
          "issue_date_category_fklnp"
        ]
      },
      {
        "postprocessor": "postprocessors/category_issue_date_11_postprocessor.json",
        "input_fields": [
          "issue_date_11",
          "category11"
        ],
        "output_fields": [
          "issue_date_category_am",
          "issue_date_category_a1",
          "issue_date_category_a2",
          "issue_date_category_a",
          "issue_date_category_b1",
          "issue_date_category_b",
          "issue_date_category_c",
          "issue_date_category_c1",
          "issue_date_category_d",
          "issue_date_category_d1",
          "issue_date_category_be",
          "issue_date_category_c1e",
          "issue_date_category_ce",
          "issue_date_category_d1e",
          "issue_date_category_de",
          "issue_date_category_fklnpq",
          "issue_date_category_fklnp"
        ]
      },
      {
        "postprocessor": "postprocessors/category_issue_date_12_postprocessor.json",
        "input_fields": [
          "issue_date_12",
          "category12"
        ],
        "output_fields": [
          "issue_date_category_am",
          "issue_date_category_a1",
          "issue_date_category_a2",
          "issue_date_category_a",
          "issue_date_category_b1",
          "issue_date_category_b",
          "issue_date_category_c",
          "issue_date_category_c1",
          "issue_date_category_d",
          "issue_date_category_d1",
          "issue_date_category_be",
          "issue_date_category_c1e",
          "issue_date_category_ce",
          "issue_date_category_d1e",
          "issue_date_category_de",
          "issue_date_category_fklnpq",
          "issue_date_category_fklnp"
        ]
      },
      {
        "postprocessor": "postprocessors/category_issue_date_13_postprocessor.json",
        "input_fields": [
          "issue_date_13",
          "category13"
        ],
        "output_fields": [
          "issue_date_category_am",
          "issue_date_category_a1",
          "issue_date_category_a2",
          "issue_date_category_a",
          "issue_date_category_b1",
          "issue_date_category_b",
          "issue_date_category_c",
          "issue_date_category_c1",
          "issue_date_category_d",
          "issue_date_category_d1",
          "issue_date_category_be",
          "issue_date_category_c1e",
          "issue_date_category_ce",
          "issue_date_category_d1e",
          "issue_date_category_de",
          "issue_date_category_fklnpq",
          "issue_date_category_fklnp"
        ]
      },
      {
        "postprocessor": "postprocessors/category_expiry_date_1_postprocessor.json",
        "input_fields": [
          "expiry_date_1",
          "category1"
        ],
        "output_fields": [
          "expiry_date_category_am",
          "expiry_date_category_a1",
          "expiry_date_category_a2",
          "expiry_date_category_a",
          "expiry_date_category_b1",
          "expiry_date_category_b",
          "expiry_date_category_c",
          "expiry_date_category_c1",
          "expiry_date_category_d",
          "expiry_date_category_d1",
          "expiry_date_category_be",
          "expiry_date_category_c1e",
          "expiry_date_category_ce",
          "expiry_date_category_d1e",
          "expiry_date_category_de",
          "expiry_date_category_fklnpq",
          "expiry_date_category_fklnp"
        ]
      },
      {
        "postprocessor": "postprocessors/category_expiry_date_2_postprocessor.json",
        "input_fields": [
          "expiry_date_2",
          "category2"
        ],
        "output_fields": [
          "expiry_date_category_am",
          "expiry_date_category_a1",
          "expiry_date_category_a2",
          "expiry_date_category_a",
          "expiry_date_category_b1",
          "expiry_date_category_b",
          "expiry_date_category_c",
          "expiry_date_category_c1",
          "expiry_date_category_d",
          "expiry_date_category_d1",
          "expiry_date_category_be",
          "expiry_date_category_c1e",
          "expiry_date_category_ce",
          "expiry_date_category_d1e",
          "expiry_date_category_de",
          "expiry_date_category_fklnpq",
          "expiry_date_category_fklnp"
        ]
      },
      {
        "postprocessor": "postprocessors/category_expiry_date_3_postprocessor.json",
        "input_fields": [
          "expiry_date_3",
          "category3"
        ],
        "output_fields": [
          "expiry_date_category_am",
          "expiry_date_category_a1",
          "expiry_date_category_a2",
          "expiry_date_category_a",
          "expiry_date_category_b1",
          "expiry_date_category_b",
          "expiry_date_category_c",
          "expiry_date_category_c1",
          "expiry_date_category_d",
          "expiry_date_category_d1",
          "expiry_date_category_be",
          "expiry_date_category_c1e",
          "expiry_date_category_ce",
          "expiry_date_category_d1e",
          "expiry_date_category_de",
          "expiry_date_category_fklnpq",
          "expiry_date_category_fklnp"
        ]
      },
      {
        "postprocessor": "postprocessors/category_expiry_date_4_postprocessor.json",
        "input_fields": [
          "expiry_date_4",
          "category4"
        ],
        "output_fields": [
          "expiry_date_category_am",
          "expiry_date_category_a1",
          "expiry_date_category_a2",
          "expiry_date_category_a",
          "expiry_date_category_b1",
          "expiry_date_category_b",
          "expiry_date_category_c",
          "expiry_date_category_c1",
          "expiry_date_category_d",
          "expiry_date_category_d1",
          "expiry_date_category_be",
          "expiry_date_category_c1e",
          "expiry_date_category_ce",
          "expiry_date_category_d1e",
          "expiry_date_category_de",
          "expiry_date_category_fklnpq",
          "expiry_date_category_fklnp"
        ]
      },
      {
        "postprocessor": "postprocessors/category_expiry_date_5_postprocessor.json",
        "input_fields": [
          "expiry_date_5",
          "category5"
        ],
        "output_fields": [
          "expiry_date_category_am",
          "expiry_date_category_a1",
          "expiry_date_category_a2",
          "expiry_date_category_a",
          "expiry_date_category_b1",
          "expiry_date_category_b",
          "expiry_date_category_c",
          "expiry_date_category_c1",
          "expiry_date_category_d",
          "expiry_date_category_d1",
          "expiry_date_category_be",
          "expiry_date_category_c1e",
          "expiry_date_category_ce",
          "expiry_date_category_d1e",
          "expiry_date_category_de",
          "expiry_date_category_fklnpq",
          "expiry_date_category_fklnp"
        ]
      },
      {
        "postprocessor": "postprocessors/category_expiry_date_6_postprocessor.json",
        "input_fields": [
          "expiry_date_6",
          "category6"
        ],
        "output_fields": [
          "expiry_date_category_am",
          "expiry_date_category_a1",
          "expiry_date_category_a2",
          "expiry_date_category_a",
          "expiry_date_category_b1",
          "expiry_date_category_b",
          "expiry_date_category_c",
          "expiry_date_category_c1",
          "expiry_date_category_d",
          "expiry_date_category_d1",
          "expiry_date_category_be",
          "expiry_date_category_c1e",
          "expiry_date_category_ce",
          "expiry_date_category_d1e",
          "expiry_date_category_de",
          "expiry_date_category_fklnpq",
          "expiry_date_category_fklnp"
        ]
      },
      {
        "postprocessor": "postprocessors/category_expiry_date_7_postprocessor.json",
        "input_fields": [
          "expiry_date_7",
          "category7"
        ],
        "output_fields": [
          "expiry_date_category_am",
          "expiry_date_category_a1",
          "expiry_date_category_a2",
          "expiry_date_category_a",
          "expiry_date_category_b1",
          "expiry_date_category_b",
          "expiry_date_category_c",
          "expiry_date_category_c1",
          "expiry_date_category_d",
          "expiry_date_category_d1",
          "expiry_date_category_be",
          "expiry_date_category_c1e",
          "expiry_date_category_ce",
          "expiry_date_category_d1e",
          "expiry_date_category_de",
          "expiry_date_category_fklnpq",
          "expiry_date_category_fklnp"
        ]
      },
      {
        "postprocessor": "postprocessors/category_expiry_date_8_postprocessor.json",
        "input_fields": [
          "expiry_date_8",
          "category8"
        ],
        "output_fields": [
          "expiry_date_category_am",
          "expiry_date_category_a1",
          "expiry_date_category_a2",
          "expiry_date_category_a",
          "expiry_date_category_b1",
          "expiry_date_category_b",
          "expiry_date_category_c",
          "expiry_date_category_c1",
          "expiry_date_category_d",
          "expiry_date_category_d1",
          "expiry_date_category_be",
          "expiry_date_category_c1e",
          "expiry_date_category_ce",
          "expiry_date_category_d1e",
          "expiry_date_category_de",
          "expiry_date_category_fklnpq",
          "expiry_date_category_fklnp"
        ]
      },
      {
        "postprocessor": "postprocessors/category_expiry_date_9_postprocessor.json",
        "input_fields": [
          "expiry_date_9",
          "category9"
        ],
        "output_fields": [
          "expiry_date_category_am",
          "expiry_date_category_a1",
          "expiry_date_category_a2",
          "expiry_date_category_a",
          "expiry_date_category_b1",
          "expiry_date_category_b",
          "expiry_date_category_c",
          "expiry_date_category_c1",
          "expiry_date_category_d",
          "expiry_date_category_d1",
          "expiry_date_category_be",
          "expiry_date_category_c1e",
          "expiry_date_category_ce",
          "expiry_date_category_d1e",
          "expiry_date_category_de",
          "expiry_date_category_fklnpq",
          "expiry_date_category_fklnp"
        ]
      },
      {
        "postprocessor": "postprocessors/category_expiry_date_10_postprocessor.json",
        "input_fields": [
          "expiry_date_10",
          "category10"
        ],
        "output_fields": [
          "expiry_date_category_am",
          "expiry_date_category_a1",
          "expiry_date_category_a2",
          "expiry_date_category_a",
          "expiry_date_category_b1",
          "expiry_date_category_b",
          "expiry_date_category_c",
          "expiry_date_category_c1",
          "expiry_date_category_d",
          "expiry_date_category_d1",
          "expiry_date_category_be",
          "expiry_date_category_c1e",
          "expiry_date_category_ce",
          "expiry_date_category_d1e",
          "expiry_date_category_de",
          "expiry_date_category_fklnpq",
          "expiry_date_category_fklnp"
        ]
      },
      {
        "postprocessor": "postprocessors/category_expiry_date_11_postprocessor.json",
        "input_fields": [
          "expiry_date_11",
          "category11"
        ],
        "output_fields": [
          "expiry_date_category_am",
          "expiry_date_category_a1",
          "expiry_date_category_a2",
          "expiry_date_category_a",
          "expiry_date_category_b1",
          "expiry_date_category_b",
          "expiry_date_category_c",
          "expiry_date_category_c1",
          "expiry_date_category_d",
          "expiry_date_category_d1",
          "expiry_date_category_be",
          "expiry_date_category_c1e",
          "expiry_date_category_ce",
          "expiry_date_category_d1e",
          "expiry_date_category_de",
          "expiry_date_category_fklnpq",
          "expiry_date_category_fklnp"
        ]
      },
      {
        "postprocessor": "postprocessors/category_expiry_date_12_postprocessor.json",
        "input_fields": [
          "expiry_date_12",
          "category12"
        ],
        "output_fields": [
          "expiry_date_category_am",
          "expiry_date_category_a1",
          "expiry_date_category_a2",
          "expiry_date_category_a",
          "expiry_date_category_b1",
          "expiry_date_category_b",
          "expiry_date_category_c",
          "expiry_date_category_c1",
          "expiry_date_category_d",
          "expiry_date_category_d1",
          "expiry_date_category_be",
          "expiry_date_category_c1e",
          "expiry_date_category_ce",
          "expiry_date_category_d1e",
          "expiry_date_category_de",
          "expiry_date_category_fklnpq",
          "expiry_date_category_fklnp"
        ]
      },
      {
        "postprocessor": "postprocessors/category_expiry_date_13_postprocessor.json",
        "input_fields": [
          "expiry_date_13",
          "category13"
        ],
        "output_fields": [
          "expiry_date_category_am",
          "expiry_date_category_a1",
          "expiry_date_category_a2",
          "expiry_date_category_a",
          "expiry_date_category_b1",
          "expiry_date_category_b",
          "expiry_date_category_c",
          "expiry_date_category_c1",
          "expiry_date_category_d",
          "expiry_date_category_d1",
          "expiry_date_category_be",
          "expiry_date_category_c1e",
          "expiry_date_category_ce",
          "expiry_date_category_d1e",
          "expiry_date_category_de",
          "expiry_date_category_fklnpq",
          "expiry_date_category_fklnp"
        ]
      }
    ], 
    "rejectors": {
      "__default__": ":/rejector/default_agressive_rejector.json"}, 
    "templates": {
      "gbr.drvlic.type1:front": {
        "path": "tpl__gbr.drvlic.type1.front.json"
      },
      "gbr.drvlic.type1:back": {
        "path": "tpl__gbr.drvlic.type1.back.json"
      }
    }
  }
}
