{
  "gbr.passport.type4": {
    "(documentation)": {
      "description": "British Passport (circles on the background, main page)", 
      "name": "British Passport", 
      "prado_link": "https://www.consilium.europa.eu/prado/en/GBR-AO-01005/index.html"
    }, 
    "expected_templates": ["gbr.passport.type4:main"], 
    "forensic_fields": [
      "check_dates", 
      "check_number", 
      "check_last_name", 
      "check_name", 
      "check_gender", 
      "check_birth_date", 
      "check_expiry_date", 
      "check_cd_composite_mrz", 
      "check_cd_number_mrz", 
      "check_cd_birth_date_mrz", 
      "check_cd_opt_data_2_mrz", 
      "check_cd_expiry_date_mrz"
    ], 
    "output_fields": [
      "type", 
      "number", 
      "last_name", 
      "last_name_eng", 
      "name", 
      "name_eng", 
      "nationality", 
      "nationality_eng", 
      "birth_date", 
      "gender", 
      "birth_place", 
      "birth_place_eng", 
      "issue_date", 
      "authority", 
      "authority_eng", 
      "expiry_date", 
      "photo", 
      "signature", 
      "mrz_doc_type_code", 
      "mrz_birth_date", 
      "mrz_expiry_date", 
      "mrz_number", 
      "mrz_name", 
      "mrz_issuer", 
      "mrz_nationality", 
      "mrz_opt_data_2", 
      "mrz_last_name", 
      "mrz_line1", 
      "mrz_line2", 
      "mrz_gender", 
      "full_mrz"
    ], 
    "postprocessors": [
      ":/postprocessor/mrz/mrz_postprocessor_slot.json", 
      ":/postprocessor/mrz/mrz_convention_renaming_slot_notype.json", 
      {
        "input_fields": ["last_name"], 
        "postprocessor": ":/postprocessor/strings_replacer_vv.json"
      }, 
      {
        "input_fields": ["name"], 
        "postprocessor": ":/postprocessor/strings_replacer_vv.json"
      }, 
      {
        "input_fields": ["birth_place"], 
        "postprocessor": ":/postprocessor/strings_replacer_vv.json"
      }, 
      {
        "input_fields": ["nationality"], 
        "postprocessor": ":/postprocessor/strings_replacer_vv.json"
      }, 
      {
        "input_fields": ["issue_date"], 
        "postprocessor": ":/postprocessor/date/default_issue_date_DDMMYYYY_postprocessor.json"
      }, 
      {
        "input_fields": ["birth_date"], 
        "postprocessor": ":/postprocessor/date/default_birth_date_DDMMYYYY_postprocessor.json"
      }, 
      {
        "input_fields": ["expiry_date"], 
        "postprocessor": ":/postprocessor/date/default_expiry_date_DDMMYYYY_postprocessor.json"
      }, 
      {
        "input_fields": ["nationality"], 
        "postprocessor": "postprocessors/nationality_postprocessor.json"
      }, 
      {
        "input_fields": ["number"], 
        "postprocessor": ":/postprocessor/alphabet/digits_only_number_9_postprocessor.json"
      }, 
      {"input_fields": ["gender"], "postprocessor": ":/postprocessor/dict/M_F.json"}, 
      ":/postprocessor/check_dates_postprocessor_slot.json", 
      {
        "allow_incomplete_inputs": true, 
        "input_fields": ["authority", "name", "birth_place", "last_name", "nationality"], 
        "output_fields": [
          "authority", 
          "authority_eng", 
          "name", 
          "name_eng", 
          "birth_place", 
          "birth_place_eng", 
          "last_name", 
          "last_name_eng", 
          "nationality", 
          "nationality_eng"
        ], 
        "postprocessor": {
          "settings": {
            "cloning_map": {
              "authority": "authority_eng", 
              "birth_place": "birth_place_eng", 
              "last_name": "last_name_eng", 
              "name": "name_eng", 
              "nationality": "nationality_eng"
            }
          }, 
          "type": "clone"
        }
      }, 
      {
        "input_fields": ["type"], 
        "postprocessor": ":/postprocessor/dict/passport_type_postprocessor.json"
      }, 
      ":/postprocessor/passport_check_mrz_fields_postprocessor_slot.json"
    ], 
    "rejectors": {"__default__": ":/rejector/default_loyal_rejector.json"}, 
    "templates": {
      "gbr.passport.type4:main": {"path": "tpl__gbr.passport.type4.main.json"}
    }
  }
}