{
  "gbr.drvlic.provisional.type1": {
    "(documentation)": {
      "description": "British Provisional Driver License (line of text Provisional on the top, front)", 
      "name": "British Provisional Driver License",
      "prado_link": "http://www.consilium.europa.eu/prado/en/GBR-FP-06001/index.html"
    }, 
    "expected_templates": ["gbr.drvlic.provisional.type1:front"], 
    "output_fields": [
      "issue_date", 
      "surname", 
      "name", 
      "photo", 
      "number", 
      "authority", 
      "expiry_date", 
      "birth_place", 
      "signature", 
      "birth_date", 
      "residence",

      "expiry_date_category_b",
      "expiry_date_category_b1",
      "expiry_date_category_fklnp",
      "issue_date_category_b",
      "issue_date_category_b1",
      "issue_date_category_fklnp"
    ], 
    "postprocessors": [
      {
        "input_fields": ["surname"], 
        "postprocessor": ":/postprocessor/strings_replacer_vv.json"
      }, 
      {
        "input_fields": ["name"], 
        "postprocessor": ":/postprocessor/strings_replacer_vv.json"
      }, 
      {
        "input_fields": ["authority"], 
        "postprocessor": ":/postprocessor/strings_replacer_vv.json"
      }, 
      {
        "input_fields": ["birth_place"], 
        "postprocessor": ":/postprocessor/strings_replacer_vv.json"
      }, 
      {
        "input_fields": ["residence"], 
        "postprocessor": ":/postprocessor/strings_replacer_vv.json"
      }, 
      {
        "input_fields": ["number", "surname"], 
        "output_fields": ["number"], 
        "postprocessor": "postprocessors/number_postprocessor.json"
      }, 
      {
        "input_fields": ["issue_date"], 
        "postprocessor": ":/postprocessor/date/default_issue_date_DDMMYYYY_postprocessor.json"
      }, 
      {
        "input_fields": ["birth_date"], 
        "postprocessor": ":/postprocessor/date/default_birth_date_DDMMYYYY_postprocessor.json"
      }, 
      {
        "input_fields": ["expiry_date"], 
        "postprocessor": ":/postprocessor/date/default_expiry_date_DDMMYYYY_postprocessor.json"
      }, 
      {
        "input_fields": ["name"], 
        "postprocessor": ":/postprocessor/alphabet/eng_letters_alphabet_postprocessor.json"
      }, 
      {
        "input_fields": ["authority"], 
        "postprocessor": "postprocessors/drvlic_authority_postprocessor.json"
      }, 
      {
        "input_fields": ["name"], 
        "postprocessor": "postprocessors/first_name_postprocessor.json"
      }, 
      {
        "input_fields": ["surname"], 
        "postprocessor": "postprocessors/second_name_postprocessor.json"
      },
      {
        "input_fields": [
          "issue_date_category_b",
          "issue_date_category_b1", 
          "issue_date_category_fklnp"
      ],
      "allow_incomplete_inputs": true,
      "postprocessor": ":/postprocessor/date/default_issue_date_DDMMYYYY_postprocessor.json"
      },
      {
        "input_fields": [
          "expiry_date_category_b", 
          "expiry_date_category_b1", 
          "expiry_date_category_fklnp"
        ],
        "allow_incomplete_inputs": true,
        "postprocessor": ":/postprocessor/date/default_expiry_date_DDMMYYYY_postprocessor.json"
      }
    ], 
    "rejectors": {"__default__": ":/rejector/default_loyal_rejector.json"}, 
    "templates": {
      "gbr.drvlic.provisional.type1:front": {"path": "tpl__gbr.drvlic.provisional.type1.front.json"},
      "gbr.drvlic.provisional.type1:back": {"path": "tpl__gbr.drvlic.provisional.type1.back.json"}
    }
  }
}
