{
  "gbr.rp.type1": {
    "(documentation)": {
      "description": "Residence permit (card-size, bull in the top-left corner)", 
      "name": "Residence permit", 
      "prado_link": "http://www.consilium.europa.eu/prado/en/GBR-HO-05001/index.html"
    }, 
    "forensic_fields": [
      "check_cd_composite_mrz", 
      "check_cd_number_mrz", 
      "check_cd_birth_date_mrz", 
      "check_cd_expiry_date_mrz"
    ], 
    "output_fields": [
      "last_name", 
      "name", 
      "expiry_date", 
      "issue_date", 
      "type_of_permit", 
      "remarks",
      "remarks_back", 
      "number", 
      "birth_date", 
      "birth_place", 
      "issue_place", 
      "gender", 
      "nationality", 
      "photo", 
      "signature", 
      "full_mrz", 
      "mrz_doc_type_code", 
      "mrz_issuer", 
      "mrz_expiry_date", 
      "mrz_opt_data_1", 
      "mrz_opt_data_2", 
      "mrz_birth_date", 
      "mrz_nationality", 
      "mrz_line3", 
      "mrz_number", 
      "mrz_line1", 
      "mrz_gender", 
      "mrz_line2", 
      "mrz_last_name", 
      "mrz_name"
    ], 
    "postprocessors": [
      ":/postprocessor/mrz/mrz_postprocessor_slot.json", 
      ":/postprocessor/mrz/mrz_convention_renaming_slot_notype.json", 
      {
        "input_fields": ["last_name"], 
        "postprocessor": ":/postprocessor/strings_replacer_vv.json"
      }, 
      {
        "input_fields": ["name"], 
        "postprocessor": ":/postprocessor/strings_replacer_vv.json"
      }, 
      {
        "input_fields": ["type_of_permit"], 
        "postprocessor": ":/postprocessor/strings_replacer_vv.json"
      }, 
      {
        "input_fields": ["birth_place"], 
        "postprocessor": ":/postprocessor/strings_replacer_vv.json"
      }, 
      {
        "input_fields": ["remarks"], 
        "postprocessor": ":/postprocessor/strings_replacer_vv.json"
      }, 
      {
        "input_fields": ["nationality"], 
        "postprocessor": ":/postprocessor/strings_replacer_vv.json"
      }, 
      {
        "input_fields": ["number"], 
        "postprocessor": "postprocessors/rp_number_postprocessor.json"
      }, 
      {
        "input_fields": ["expiry_date"], 
        "postprocessor": ":/postprocessor/date/default_expiry_date_DDMMYYYY_postprocessor.json"
      }, 
      {
        "input_fields": ["type_of_permit"], 
        "postprocessor": "postprocessors/rp_type_of_permit_levdict_substring_postprocessor.json"
      }, 
      {
        "input_fields": ["remarks"], 
        "postprocessor": "postprocessors/rp_remarks_levdict_substring_postprocessor.json"
      }, 
      {
        "input_fields": ["birth_date"], 
        "postprocessor": ":/postprocessor/date/default_birth_date_DDMMYYYY_postprocessor.json"
      }, 
      {
        "input_fields": ["nationality"], 
        "postprocessor": ":/postprocessor/dict/countries.json"
      }, 
      {"input_fields": ["gender"], "postprocessor": ":/postprocessor/dict/M_F.json"}, 
      {
        "input_fields": ["issue_date"], 
        "postprocessor": ":/postprocessor/date/default_issue_date_DDMMYYYY_postprocessor.json"
      }
    ], 
    "rejectors": {"__default__": ":/rejector/default_agressive_rejector.json"}, 
    "templates": {
      "gbr.rp.type1:back": {"path": "tpl__gbr.rp.type1.back.json"}, 
      "gbr.rp.type1:front": {"path": "tpl__gbr.rp.type1.front.json"}
    }
  }
}