{
  "gbr.drvlic.provisional.type2": {
    "(documentation)": {
      "description": "British Provisional Driver License (rubber stamp on the right, front)", 
      "name": "British Provisional Driver License"
    }, 
    "expected_templates": ["gbr.drvlic.provisional.type2:front"], 
    "output_fields": [
      "issue_date", 
      "surname", 
      "name", 
      "photo", 
      "number", 
      "authority", 
      "expiry_date", 
      "birth_place", 
      "signature", 
      "birth_date", 
      "residence"
    ], 
    "postprocessors": [
      {
        "input_fields": ["surname"], 
        "postprocessor": ":/postprocessor/strings_replacer_vv.json"
      }, 
      {
        "input_fields": ["name"], 
        "postprocessor": ":/postprocessor/strings_replacer_vv.json"
      }, 
      {
        "input_fields": ["authority"], 
        "postprocessor": ":/postprocessor/strings_replacer_vv.json"
      }, 
      {
        "input_fields": ["birth_place"], 
        "postprocessor": ":/postprocessor/strings_replacer_vv.json"
      }, 
      {
        "input_fields": ["residence"], 
        "postprocessor": ":/postprocessor/strings_replacer_vv.json"
      }, 
      {
        "input_fields": ["number", "surname"], 
        "output_fields": ["number"], 
        "postprocessor": "postprocessors/number_postprocessor.json"
      }, 
      {
        "input_fields": ["issue_date"], 
        "postprocessor": ":/postprocessor/date/default_issue_date_DDMMYYYY_postprocessor.json"
      }, 
      {
        "input_fields": ["birth_date"], 
        "postprocessor": ":/postprocessor/date/default_birth_date_DDMMYYYY_postprocessor.json"
      }, 
      {
        "input_fields": ["expiry_date"], 
        "postprocessor": ":/postprocessor/date/default_expiry_date_DDMMYYYY_postprocessor.json"
      }, 
      {
        "input_fields": ["name"], 
        "postprocessor": ":/postprocessor/alphabet/eng_letters_alphabet_postprocessor.json"
      }, 
      {
        "input_fields": ["authority"], 
        "postprocessor": "postprocessors/drvlic_authority_postprocessor.json"
      }, 
      {
        "input_fields": ["name"], 
        "postprocessor": "postprocessors/first_name_postprocessor.json"
      }, 
      {
        "input_fields": ["surname"], 
        "postprocessor": "postprocessors/second_name_postprocessor.json"
      }
    ], 
    "rejectors": {"__default__": ":/rejector/default_loyal_rejector.json"}, 
    "templates": {
      "gbr.drvlic.provisional.type2:front": {
        "path": "tpl__gbr.drvlic.provisional.type2.front.json"
      }
    }
  }
}
