{
  "gbr.rp.type1:back": {
    "config": "templates/gbr.rp.type1.back.common.json",
    "expected_fields": ["full_mrz", "birth_date", "birth_place"],
    "fields": {
      "birth_date": {
        "scale": 2.0,
        "workflow": {
          "settings": {
            "custom_alphabet": "0123456789 .-",
            "deshearer": "mixangler/common.json",
            "recstr": ":/recstr/001__n0003_recstr.json"
          },
          "type": "common"
        }
      },
      "birth_place": {
        "scale": 2.0,
        "workflow": {
          "settings": {
            "custom_alphabet": "ABCDEFGHIJKLMNOPQRSTUVWXYZ.- ()",
            "deshearer": "mixangler/common.json",
            "recstr": ":/recstr/111_eu_n0022_recstr.json"
          },
          "type": "common"
        }
      },
      "gender": {
        "scale": 2.0,
        "workflow": {
          "settings": {
            "custom_alphabet": "ABCDEFGHIJKLMNOPQRSTUVWXYZ.- ()",
            "deshearer": "mixangler/common.json",
            "recstr": ":/recstr/111_eu_n0362_recstr.json"
          },
          "type": "common"
        }
      },
      "mrz_line1": {"scale": 1.2, "workflow": ":/mrz-data/mrz_field_workflow.json"},
      "mrz_line2": {"scale": 1.2, "workflow": ":/mrz-data/mrz_field_workflow.json"},
      "mrz_line3": {"scale": 1.2, "workflow": ":/mrz-data/mrz_field_workflow.json"},
      "nationality": {
        "scale": 2.0,
        "workflow": {
          "settings": {
            "custom_alphabet": "ABCDEFGHIJKLMNOPQRSTUVWXYZ.- ()",
            "deshearer": "mixangler/common.json",
            "recstr": ":/recstr/111_eu_n0086_recstr.json"
          },
          "type": "common"
        }
      },
      "remarks_back_line0": {"scale": 2.0, "workflow": "field_processors/symbols.json"},
      "remarks_back_line1": {"scale": 2.0, "workflow": "field_processors/symbols.json"},
      "remarks_back_line2": {"scale": 2.0, "workflow": "field_processors/symbols.json"}
    },
    "formatters": [
      ":/postprocessor/mrz/mrz_formatter_slot_new_td1.json",
      {
        "allow_incomplete_inputs": true,
        "formatter": {
          "settings": {
            "input_fields_sequence": [
              "remarks_back_line0",
              "remarks_back_line1",
              "remarks_back_line2"
            ],
            "output_field": "remarks_back",
            "separator": " "
          },
          "type": "merge"
        },
        "input_fields": [
          "remarks_back_line0",
          "remarks_back_line1",
          "remarks_back_line2"
        ],
        "output_fields": ["remarks_back"]
      },
      {
        "formatter": ":/postprocessor/date/default_birth_date_DDMMYYYY_formatter.json",
        "input_fields": ["birth_date"]
      }
    ],
    "image_integrators": {"__default__": ":/integrator/default_image_integrator.json"},
    "integrators": {
      "__default__": ":/integrator/default_rover_integrator.json",
      "full_mrz": ":/integrator/default_mrz_integrator.json"
    },
    "size": [856, 540],
    "zones": {
      "mrz_zone": {
        "rect": [0, 270, 856, 270],
        "size_override": [800, 252],
        "workflow": ":/mrz-data/mrz_zone_workflow_td1.json"
      },
      "zone6": {
        "rect": [216, 81, 520, 242],
        "workflow": {
          "settings": {"vertsgm": "vertsgm/new_rp_type1_back.json"},
          "type": "common"
        }
      }
    }
  }
}