{
  "gbr.drvlic.provisional.type1:back": {
    "config": "templates/gbr.drvlic.provisional.type1.back.common.json",
    "expected_fields": [
    ],
    "fields": {
      
      "issue_date_category_b": {"scale": 2.8, "workflow": "field_processors/date_drvlic.json"}, 
      "expiry_date_category_b": {"scale": 2.8, "workflow": "field_processors/date_drvlic.json"}, 

      "issue_date_category_b1": {"scale": 2.8, "workflow": "field_processors/date_drvlic.json"}, 
      "expiry_date_category_b1": {"scale": 2.8, "workflow": "field_processors/date_drvlic.json"},  
      
      "issue_date_category_fklnp": {"scale": 2.8, "workflow": "field_processors/date_drvlic.json"}, 
      "expiry_date_category_fklnp": {"scale": 2.8, "workflow": "field_processors/date_drvlic.json"}
    },
    "formatters": [
      {
        "formatter": ":/postprocessor/date/default_issue_date_DDMMYY_formatter.json", 
        "input_fields": [
          "issue_date_category_b",
          "issue_date_category_b1", 
          "issue_date_category_fklnp"
      ],
      "allow_incomplete_inputs": true
      },
      {
        "formatter": ":/postprocessor/date/default_expiry_date_DDMMYY_formatter.json", 
        "input_fields": [
          "expiry_date_category_b", 
          "expiry_date_category_b1", 
          "expiry_date_category_fklnp"
        ],
        "allow_incomplete_inputs": true
      }
    ],
    "image_integrators": {
      "__default__": ":/integrator/default_image_integrator.json"
    },
    "integrators": {
      "__default__": ":/integrator/default_rover_integrator.json"
    },
    "size": [
      856,
      540
    ],
    "zones": {
      "zone1": {
        "rect": [
          370,
          70,
          300,
          110
        ],
        "workflow": {
          "settings": {
            "vertsgm": "vertsgm/drv_type1_back_data_zone_with_dp.json"
          },
          "type": "common"
        }
      }
    }
  }
}