{
  "gbr.passport.type2:main": {
    "config": "templates/gbr.passport.type2.main.common.json",
    "expected_fields": ["number", "expiry_date", "issue_date", "birth_date", "full_mrz"],
    "fields": {
      "authority": {
        "scale": 1.2,
        "workflow": {
          "settings": {
            "custom_alphabet": "ABCDEFGHIJKLMNOPQRSTUVWXYZ -.,/",
            "deshearer": "mixangler/common.json",
            "recstr": ":/recstr/111_eu_n0285_recstr.json"
          },
          "type": "common"
        }
      },
      "birth_date": {
        "scale": 1.2,
        "workflow": {
          "settings": {
            "custom_alphabet": "ABCDEFGHIJKLMNOPQRSTUVWXYZ /'123456789",
            "deshearer": "mixangler/common.json",
            "recstr": ":/recstr/111_eu_n0141_recstr.json"
          },
          "type": "common"
        }
      },
      "birth_place": {
        "scale": 1.2,
        "workflow": {
          "settings": {
            "custom_alphabet": "ABCDEFGHIJKLMNOPQRSTUVWXYZ -.",
            "deshearer": "mixangler/common.json",
            "recstr": ":/recstr/111_eu_n0084_recstr.json"
          },
          "type": "common"
        }
      },
      "expiry_date": {
        "scale": 1.2,
        "workflow": {
          "settings": {
            "custom_alphabet": "ABCDEFGHIJKLMNOPQRSTUVWXYZ /'123456789",
            "deshearer": "mixangler/common.json",
            "recstr": ":/recstr/111_eu_n0099_recstr.json"
          },
          "type": "common"
        }
      },
      "gender": {
        "scale": 1.2,
        "workflow": {
          "settings": {
            "custom_alphabet": "MF ",
            "deshearer": "mixangler/common.json",
            "recstr": ":/recstr/app_111_eu_ocrblike_nospacing.json"
          },
          "type": "common"
        }
      },
      "issue_date": {
        "scale": 1.2,
        "workflow": {
          "settings": {
            "custom_alphabet": "ABCDEFGHIJKLMNOPQRSTUVWXYZ /'123456789",
            "deshearer": "mixangler/common.json",
            "recstr": ":/recstr/111_eu_n0114_recstr.json"
          },
          "type": "common"
        }
      },
      "last_name": {
        "scale": 1.2,
        "workflow": {
          "settings": {
            "custom_alphabet": "ABCDEFGHIJKLMNOPQRSTUVWXYZ -.,/'",
            "deshearer": "mixangler/common.json",
            "recstr": ":/recstr/111_eu_n0084_recstr.json"
          },
          "type": "common"
        }
      },
      "mrz_line1": {"scale": 1.2, "workflow": ":/mrz-data/mrz_field_workflow.json"},
      "mrz_line2": {"scale": 1.2, "workflow": ":/mrz-data/mrz_field_workflow.json"},
      "name": {
        "scale": 1.2,
        "workflow": {
          "settings": {
            "custom_alphabet": "ABCDEFGHIJKLMNOPQRSTUVWXYZ -.,/'",
            "deshearer": "mixangler/common.json",
            "recstr": ":/recstr/111_eu_n0084_recstr.json"
          },
          "type": "common"
        }
      },
      "nationality": {
        "scale": 1.2,
        "workflow": {
          "settings": {
            "custom_alphabet": "ABCDEFGHIJKLMNOPQRSTUVWXYZ -.,/'()",
            "deshearer": "mixangler/common.json",
            "recstr": ":/recstr/111_eu_n0099_recstr.json"
          },
          "type": "common"
        }
      },
      "number": {
        "scale": 1.2,
        "workflow": {
          "settings": {
            "custom_alphabet": "0123456789 ",
            "recstr": ":/recstr/001__n0009_recstr.json"
          },
          "type": "common"
        }
      },
      "photo": {"workflow": {"settings": {}, "type": "image"}},
      "signature": {"workflow": {"settings": {}, "type": "image"}},
      "type": {
        "scale": 2.0,
        "workflow": {
          "settings": {
            "custom_alphabet": "BDOPSTACEXMRNFIJVW ",
            "deshearer": ":/mixangler/dummy_deshearer.json",
            "recstr": ":/recstr/111_eu_n0086_recstr.json"
          },
          "type": "common"
        }
      }
    },
    "formatters": [
      ":/postprocessor/mrz/mrz_formatter_slot_new_mrp.json",
      {
        "formatter": "postprocessors/psp_birth_date_formatter.json",
        "input_fields": ["birth_date"]
      },
      {
        "formatter": ":/postprocessor/punctuation_filter.json",
        "input_fields": ["number"]
      },
      {
        "formatter": "postprocessors/psp_issue_date_formatter.json",
        "input_fields": ["issue_date"]
      },
      {
        "formatter": "postprocessors/psp_expiry_date_formatter.json",
        "input_fields": ["expiry_date"]
      }
    ],
    "image_integrators": {
      "__default__": ":/integrator/default_image_integrator.json",
      "photo": ":/integrator/default_photo_integrator.json"
    },
    "integrators": {
      "__default__": ":/integrator/default_rover_integrator.json",
      "birth_date": ":/integrator/default_token_integrator.json",
      "expiry_date": ":/integrator/default_token_integrator.json",
      "full_mrz": ":/integrator/default_mrz_integrator.json",
      "issue_date": ":/integrator/default_token_integrator.json",
      "number": ":/integrator/default_token_integrator.json"
    },
    "size": [800, 560],
    "zones": {
      "data": {
        "rect": [257, 70, 467, 326],
        "workflow": {
          "settings": {"vertsgm": "vertsgm/new_psp_type2.json"},
          "type": "common"
        }
      },
      "mrz_zone": {
        "rect": [0, 300, 800, 260],
        "size_override": [1200, 390],
        "workflow": ":/mrz-data/mrz_zone_workflow_mrp.json"
      },
      "photo_zone": {
        "rect": [0, 0, 500, 500],
        "workflow": ":/photo_retriever/common_objed_photo_retriever.json"
      },
      "signature": {
        "rect": [500, 350, 270, 80],
        "workflow": ":/signature_retriever/signature_retriever.json"
      },
      "type": {
        "rect": [240, 60, 165, 50],
        "workflow": {
          "settings": {"vertsgm": "vertsgm/psp_type_with_dp.json"},
          "type": "common"
        }
      }
    }
  }
}