{
  "gbr.rp.type1:front": {
    "expected_fields": ["name", "number", "expiry_date", "issue_date"],
    "fields": {
      "issue_date_and_place": {"scale": 2.0, "workflow": "field_processors/symbols.json"},
      "remarks_line1": {"scale": 2.0, "workflow": "field_processors/symbols.json"},
      "remarks_line0": {"scale": 2.0, "workflow": "field_processors/symbols.json"},
      "remarks_line3": {"scale": 2.0, "workflow": "field_processors/symbols.json"},
      "remarks_line2": {"scale": 2.0, "workflow": "field_processors/symbols.json"},
      "type_of_permit_line1": {"scale": 2.0, "workflow": "field_processors/symbols.json"},
      "photo": {"workflow": {"type": "image", "settings": {}}},
      "number": {
        "scale": 2.2,
        "workflow": {
          "type": "common",
          "settings": {
            "custom_alphabet": "ABCDEFGHIJKLMNOPQRSTUVWXYZ -.,/'\\\"123456789",
            "deshearer": "mixangler/common.json",
            "recstr": ":/recstr/111_eu_n0183_recstr.json"
          }
        }
      },
      "expiry_date": {
        "scale": 2.0,
        "workflow": {
          "settings": {
            "custom_alphabet": "0123456789 .-",
            "deshearer": "mixangler/common.json",
            "recstr": ":/recstr/001__n0028_recstr.json"
          },
          "type": "common"
        }
      },
      "type_of_permit_line0": {"scale": 2.0, "workflow": "field_processors/symbols.json"},
      "signature": {"workflow": {"type": "image", "settings": {}}},
      "last_name": {"scale": 2.0, "workflow": "field_processors/eng_caps.json"},
      "name": {
        "scale": 2.0,
        "workflow": {
          "type": "common",
          "settings": {
            "custom_alphabet": "ABCDEFGHIJKLMNOPQRSTUVWXYZ.- ()",
            "deshearer": "mixangler/common.json",
            "recstr": ":/recstr/111_eu_n0099_recstr.json"
          }
        }
      }
    },
    "formatters": [
      {
        "allow_incomplete_inputs": true,
        "formatter": {
          "type": "merge",
          "settings": {
            "output_field": "type_of_permit",
            "separator": " ",
            "input_fields_sequence": ["type_of_permit_line0", "type_of_permit_line1"]
          }
        },
        "input_fields": ["type_of_permit_line0", "type_of_permit_line1"],
        "output_fields": ["type_of_permit"]
      },
      {
        "output_fields": ["issue_place", "issue_date"],
        "formatter": {
          "type": "splitter",
          "settings": {
            "input_field": "issue_date_and_place",
            "separator": " ",
            "output_fields_sequence": ["issue_place", "issue_date"]
          }
        },
        "input_fields": ["issue_date_and_place"]
      },
      {
        "allow_incomplete_inputs": true,
        "formatter": {
          "type": "merge",
          "settings": {
            "output_field": "remarks",
            "separator": " ",
            "input_fields_sequence": [
              "remarks_line0",
              "remarks_line1",
              "remarks_line2",
              "remarks_line3"
            ]
          }
        },
        "input_fields": [
          "remarks_line0",
          "remarks_line1",
          "remarks_line2",
          "remarks_line3"
        ],
        "output_fields": ["remarks"]
      },
      {
        "formatter": ":/postprocessor/punctuation_filter.json",
        "input_fields": ["number"]
      },
      {
        "formatter": ":/postprocessor/date/default_expiry_date_DDMMYYYY_formatter.json",
        "input_fields": ["expiry_date"]
      },
      {
        "formatter": ":/postprocessor/date/default_issue_date_DDMMYYYY_formatter.json",
        "input_fields": ["issue_date"]
      }
    ],
    "zones": {
      "photo_zone": {
        "rect": [15, 225, 280, 290],
        "workflow": ":/photo_retriever/common_objed_photo_retriever.json"
      },
      "data": {
        "rect": [259, 99, 600, 377],
        "workflow": {
          "type": "common",
          "settings": {"vertsgm": "vertsgm/new_rp_type1_front_2.json"}
        }
      },
      "number": {
        "rect": [632, 3, 223, 73],
        "workflow": {
          "type": "common",
          "settings": {"vertsgm": "vertsgm/new_rp_type1_front_1.json"}
        }
      },
      "signature": {
        "rect": [580, 350, 275, 100],
        "workflow": ":/signature_retriever/signature_retriever.json"
      }
    },
    "integrators": {"__default__": ":/integrator/default_rover_integrator.json"},
    "image_integrators": {
      "__default__": ":/integrator/default_image_integrator.json",
      "photo": ":/integrator/default_photo_integrator.json"
    },
    "config": "templates/gbr.rp.type1.front.common.json",
    "size": [856, 540]
  }
}