{
  "gbr.drvlic.type1:back": {
    "expected_fields": [
      "issue_date_category_am", 
      "issue_date_category_a1", 
      "issue_date_category_a2", 
      "issue_date_category_a", 
      "issue_date_category_b1", 
      "issue_date_category_b", 
      "issue_date_category_c", 
      "issue_date_category_c1", 
      "issue_date_category_d", 
      "issue_date_category_d1",
      "issue_date_category_be", 
      "issue_date_category_c1e", 
      "issue_date_category_ce", 
      "issue_date_category_d1e", 
      "issue_date_category_de", 
      "issue_date_category_fklnpq", 
      "expiry_date_category_am", 
      "expiry_date_category_a1", 
      "expiry_date_category_a2", 
      "expiry_date_category_a", 
      "expiry_date_category_b1", 
      "expiry_date_category_b", 
      "expiry_date_category_c", 
      "expiry_date_category_c1", 
      "expiry_date_category_d", 
      "expiry_date_category_d1",
      "expiry_date_category_be", 
      "expiry_date_category_c1e", 
      "expiry_date_category_ce", 
      "expiry_date_category_d1e", 
      "expiry_date_category_de", 
      "expiry_date_category_fklnpq",
      "lic_number"
    ], 
    "fields": {
      "issue_date_1": {
        "scale": 2.3, 
        "workflow": {
          "type": "common", 
          "settings": {
            "custom_alphabet": "0123456789.- ", 
            "deshearer": "mixangler/common.json", 
            "recstr": ":/recstr/001__n0001_recstr.json"
          }
        }
      },
      "issue_date_2": {
        "scale": 2.3, 
        "workflow": {
          "type": "common", 
          "settings": {
            "custom_alphabet": "0123456789.- ", 
            "deshearer": "mixangler/common.json", 
            "recstr": ":/recstr/001__n0001_recstr.json"
          }
        }
      },  
      "issue_date_3": {
        "scale": 2.3, 
        "workflow": {
          "type": "common", 
          "settings": {
            "custom_alphabet": "0123456789.- ", 
            "deshearer": "mixangler/common.json", 
            "recstr": ":/recstr/001__n0001_recstr.json"
          }
        }
      },  
      "issue_date_4": {
        "scale": 2.3, 
        "workflow": {
          "type": "common", 
          "settings": {
            "custom_alphabet": "0123456789.- ", 
            "deshearer": "mixangler/common.json", 
            "recstr": ":/recstr/001__n0001_recstr.json"
          }
        }
      },  
      "issue_date_5": {
        "scale": 2.3, 
        "workflow": {
          "type": "common", 
          "settings": {
            "custom_alphabet": "0123456789.- ", 
            "deshearer": "mixangler/common.json", 
            "recstr": ":/recstr/001__n0001_recstr.json"
          }
        }
      },  
      "issue_date_6": {
        "scale": 2.3, 
        "workflow": {
          "type": "common", 
          "settings": {
            "custom_alphabet": "0123456789.- ", 
            "deshearer": "mixangler/common.json", 
            "recstr": ":/recstr/001__n0001_recstr.json"
          }
        }
      },  
      "issue_date_7": {
        "scale": 2.3, 
        "workflow": {
          "type": "common", 
          "settings": {
            "custom_alphabet": "0123456789.- ", 
            "deshearer": "mixangler/common.json", 
            "recstr": ":/recstr/001__n0001_recstr.json"
          }
        }
      },  
      "issue_date_8": {
        "scale": 2.3, 
        "workflow": {
          "type": "common", 
          "settings": {
            "custom_alphabet": "0123456789.- ", 
            "deshearer": "mixangler/common.json", 
            "recstr": ":/recstr/001__n0001_recstr.json"
          }
        }
      },
      "issue_date_9": {
        "scale": 2.3, 
        "workflow": {
          "type": "common", 
          "settings": {
            "custom_alphabet": "0123456789.- ", 
            "deshearer": "mixangler/common.json", 
            "recstr": ":/recstr/001__n0001_recstr.json"
          }
        }
      }, 
      "issue_date_10": {
        "scale": 2.3, 
        "workflow": {
          "type": "common", 
          "settings": {
            "custom_alphabet": "0123456789.- ", 
            "deshearer": "mixangler/common.json", 
            "recstr": ":/recstr/001__n0001_recstr.json"
          }
        }
      }, 
      "issue_date_11": {
        "scale": 2.3, 
        "workflow": {
          "type": "common", 
          "settings": {
            "custom_alphabet": "0123456789.- ", 
            "deshearer": "mixangler/common.json", 
            "recstr": ":/recstr/001__n0001_recstr.json"
          }
        }
      }, 
      "issue_date_12": {
        "scale": 2.3, 
        "workflow": {
          "type": "common", 
          "settings": {
            "custom_alphabet": "0123456789.- ", 
            "deshearer": "mixangler/common.json", 
            "recstr": ":/recstr/001__n0001_recstr.json"
          }
        }
      },   
      "issue_date_13": {
        "scale": 2.3, 
        "workflow": {
          "type": "common", 
          "settings": {
            "custom_alphabet": "0123456789.- ", 
            "deshearer": "mixangler/common.json", 
            "recstr": ":/recstr/001__n0001_recstr.json"
          }
        }
      },   
      "expiry_date_1": {
        "scale": 2.3, 
        "workflow": {
          "type": "common", 
          "settings": {
            "custom_alphabet": "0123456789.- ", 
            "deshearer": "mixangler/common.json", 
            "recstr": ":/recstr/001__n0001_recstr.json"
          }
        }
      },    
      "expiry_date_2": {
        "scale": 2.3, 
        "workflow": {
          "type": "common", 
          "settings": {
            "custom_alphabet": "0123456789.- ", 
            "deshearer": "mixangler/common.json", 
            "recstr": ":/recstr/001__n0001_recstr.json"
          }
        }
      }, 
      "expiry_date_3": {
        "scale": 2.3, 
        "workflow": {
          "type": "common", 
          "settings": {
            "custom_alphabet": "0123456789.- ", 
            "deshearer": "mixangler/common.json", 
            "recstr": ":/recstr/001__n0001_recstr.json"
          }
        }
      }, 
      "expiry_date_4": {
        "scale": 2.3, 
        "workflow": {
          "type": "common", 
          "settings": {
            "custom_alphabet": "0123456789.- ", 
            "deshearer": "mixangler/common.json", 
            "recstr": ":/recstr/001__n0001_recstr.json"
          }
        }
      }, 
      "expiry_date_5": {
        "scale": 2.3, 
        "workflow": {
          "type": "common", 
          "settings": {
            "custom_alphabet": "0123456789.- ", 
            "deshearer": "mixangler/common.json", 
            "recstr": ":/recstr/001__n0001_recstr.json"
          }
        }
      }, 
      "expiry_date_6": {
        "scale": 2.3, 
        "workflow": {
          "type": "common", 
          "settings": {
            "custom_alphabet": "0123456789.- ", 
            "deshearer": "mixangler/common.json", 
            "recstr": ":/recstr/001__n0001_recstr.json"
          }
        }
      }, 
      "expiry_date_7": {
        "scale": 2.3, 
        "workflow": {
          "type": "common", 
          "settings": {
            "custom_alphabet": "0123456789.- ", 
            "deshearer": "mixangler/common.json", 
            "recstr": ":/recstr/001__n0001_recstr.json"
          }
        }
      }, 
      "expiry_date_8": {
        "scale": 2.3, 
        "workflow": {
          "type": "common", 
          "settings": {
            "custom_alphabet": "0123456789.- ", 
            "deshearer": "mixangler/common.json", 
            "recstr": ":/recstr/001__n0001_recstr.json"
          }
        }
      }, 
      "expiry_date_9": {
        "scale": 2.3, 
        "workflow": {
          "type": "common", 
          "settings": {
            "custom_alphabet": "0123456789.- ", 
            "deshearer": "mixangler/common.json", 
            "recstr": ":/recstr/001__n0001_recstr.json"
          }
        }
      }, 
      "expiry_date_10": {
        "scale": 2.3, 
        "workflow": {
          "type": "common", 
          "settings": {
            "custom_alphabet": "0123456789.- ", 
            "deshearer": "mixangler/common.json", 
            "recstr": ":/recstr/001__n0001_recstr.json"
          }
        }
      }, 
      "expiry_date_11": {
        "scale": 2.3, 
        "workflow": {
          "type": "common", 
          "settings": {
            "custom_alphabet": "0123456789.- ", 
            "deshearer": "mixangler/common.json", 
            "recstr": ":/recstr/001__n0001_recstr.json"
          }
        }
      }, 
      "expiry_date_12": {
        "scale": 2.3, 
        "workflow": {
          "type": "common", 
          "settings": {
            "custom_alphabet": "0123456789.- ", 
            "deshearer": "mixangler/common.json", 
            "recstr": ":/recstr/001__n0001_recstr.json"
          }
        }
      }, 
      "expiry_date_13": {
        "scale": 2.3, 
        "workflow": {
          "type": "common", 
          "settings": {
            "custom_alphabet": "0123456789.- ", 
            "deshearer": "mixangler/common.json", 
            "recstr": ":/recstr/001__n0001_recstr.json"
          }
        }
      }, 
      "category1": {
        "scale": 2.7, 
        "workflow": {
          "type": "common", 
          "settings": {
            "custom_alphabet": "ABCDEFGML 012KNP", 
            "deshearer": ":/mixangler/dummy_deshearer.json", 
            "recstr": ":/recstr/111_eu_n0133_recstr.json"
          }
        }
      }, 
      "category2": {
        "scale": 2.7, 
        "workflow": {
          "type": "common", 
          "settings": {
            "custom_alphabet": "ABCDEFGML 012KNP", 
            "deshearer": ":/mixangler/dummy_deshearer.json", 
            "recstr": ":/recstr/111_eu_n0072_recstr.json"
          }
        }
      }, 
      "category3": {
        "scale": 2.7, 
        "workflow": {
          "type": "common", 
          "settings": {
            "custom_alphabet": "ABCDEFGML 012KNP", 
            "deshearer": ":/mixangler/dummy_deshearer.json", 
            "recstr": ":/recstr/111_eu_n0072_recstr.json"
          }
        }
      },
      "category4": {
        "scale": 2.7, 
        "workflow": {
          "type": "common", 
          "settings": {
            "custom_alphabet": "ABCDEFGML 012KNP", 
            "deshearer": ":/mixangler/dummy_deshearer.json", 
            "recstr": ":/recstr/111_eu_n0133_recstr.json"
          }
        }
      },
      "category5": {
        "scale": 2.7, 
        "workflow": {
          "type": "common", 
          "settings": {
            "custom_alphabet": "ABCDEFGML 012KNP", 
            "deshearer": ":/mixangler/dummy_deshearer.json", 
            "recstr": ":/recstr/111_eu_n0133_recstr.json"
          }
        }
      },
      "category6": {
        "scale": 2.7, 
        "workflow": {
          "type": "common", 
          "settings": {
            "custom_alphabet": "ABCDEFGML 012KNP", 
            "deshearer": ":/mixangler/dummy_deshearer.json", 
            "recstr": ":/recstr/111_eu_n0133_recstr.json"
          }
        }
      },
      "category7": {
        "scale": 2.7, 
        "workflow": {
          "type": "common", 
          "settings": {
            "custom_alphabet": "ABCDEFGML 012KNP", 
            "deshearer": ":/mixangler/dummy_deshearer.json", 
            "recstr": ":/recstr/111_eu_n0133_recstr.json"
          }
        }
      },
      "category8": {
        "scale": 2.7, 
        "workflow": {
          "type": "common", 
          "settings": {
            "custom_alphabet": "ABCDEFGML 012KNP", 
            "deshearer": ":/mixangler/dummy_deshearer.json", 
            "recstr": ":/recstr/111_eu_n0133_recstr.json"
          }
        }
      },
      "category9": {
        "scale": 2.7, 
        "workflow": {
          "type": "common", 
          "settings": {
            "custom_alphabet": "ABCDEFGML 012KNP", 
            "deshearer": ":/mixangler/dummy_deshearer.json", 
            "recstr": ":/recstr/111_eu_n0133_recstr.json"
          }
        }
      },
      "category10": {
        "scale": 2.7, 
        "workflow": {
          "type": "common", 
          "settings": {
            "custom_alphabet": "ABCDEFGML 012KNP", 
            "deshearer": ":/mixangler/dummy_deshearer.json", 
            "recstr": ":/recstr/111_eu_n0133_recstr.json"
          }
        }
      },
      "category11": {
        "scale": 2.7, 
        "workflow": {
          "type": "common", 
          "settings": {
            "custom_alphabet": "ABCDEFGML 012KNP", 
            "deshearer": ":/mixangler/dummy_deshearer.json", 
            "recstr": ":/recstr/111_eu_n0133_recstr.json"
          }
        }
      },
      "category12": {
        "scale": 2.7, 
        "workflow": {
          "type": "common", 
          "settings": {
            "custom_alphabet": "ABCDEFGML 012KNP", 
            "deshearer": ":/mixangler/dummy_deshearer.json", 
            "recstr": ":/recstr/111_eu_n0133_recstr.json"
          }
        }
      },
      "category13": {
        "scale": 2.7, 
        "workflow": {
          "type": "common", 
          "settings": {
            "custom_alphabet": "ABCDEFGML 012KNP", 
            "deshearer": ":/mixangler/dummy_deshearer.json", 
            "recstr": ":/recstr/111_eu_n0133_recstr.json"
          }
        }
      },
      "lic_number": {
        "scale": 2.7, 
        "workflow": {
          "type": "common", 
          "settings": {
            "custom_alphabet": "ABCDEFGHIJKLMNOPQRSTUVWXYZ 123456789", 
            "deshearer": ":/mixangler/dummy_deshearer.json", 
            "recstr": ":/recstr/111_eu_n0072_recstr.json"
          }
        }
      }
    }, 
    "formatters": [
      {
        "input_fields": [
          "category"
        ], 
        "formatter": "postprocessors/normalizer.json", 
        "output_fields": [
          "category"
        ]
      }
    ], 
    "zones": {
      "zone1": {
        "rect": [
          200, 
          37, 
          655, 
          503
        ], 
        "workflow": {
          "type": "common", 
          "settings": {
            "vertsgm": "vertsgm/drv_type1_back_with_dp.json"
          }
        }
      }
    }, 
    "integrators": {
      "__default__": ":/integrator/default_rover_integrator.json", 
      "number": ":/integrator/default_token_integrator.json"
    }, 
    "image_integrators": {
      "__default__": ":/integrator/default_image_integrator.json"
    }, 
    "config": "templates/gbr.drvlic.type1.back.common.json", 
    "size": [
      856, 
      540
    ]
  }
}