{
  "gbr.visa.type2:main": {
    "config": "templates/gbr.visa.type2.main.common.json", 
    "expected_fields": [
      "number", 
      "birth_date", 
      "passport_number", 
      "photo", 
      "vaf_number", 
      "nationality", 
      "gender", 
      "entries_number", 
      "entry_date", 
      "until_date", 
      "issue_place", 
      "name", 
      "type", 
      "observation", 
      "full_mrz", 
      "first_name_mrz", 
      "last_name_mrz", 
      "number_mrz", 
      "nationality_mrz", 
      "birth_date_mrz", 
      "gender_mrz", 
      "expiry_date_mrz", 
      "opt_data_2_mrz"
    ], 
    "fields": {
      "birth_date": {
        "scale": 2.0, 
        "workflow": {
          "settings": {
            "custom_alphabet": "0123456789 -/.", 
            "recstr": ":/recstr/001__n0048_recstr.json"
          }, 
          "type": "common"
        }
      }, 
      "entries_number": {
        "scale": 2.0, 
        "workflow": {
          "settings": {
            "custom_alphabet": "ABCDEFGHIJKLMNOPQRSTUVWXYZÅÄÖ -./,123456789", 
            "recstr": ":/recstr/111_eu_n0003_recstr.json"
          }, 
          "type": "common"
        }
      }, 
      "entry_date": {
        "scale": 2.0, 
        "workflow": {
          "settings": {
            "custom_alphabet": "0123456789 -/.", 
            "recstr": ":/recstr/001__n0048_recstr.json"
          }, 
          "type": "common"
        }
      }, 
      "gender": {
        "scale": 2.0, 
        "workflow": {
          "settings": {
            "custom_alphabet": "ABCDEFGHIJKLMNOPQRSTUVWXYZ -.", 
            "recstr": ":/recstr/111_eu_n0004_recstr.json"
          }, 
          "type": "common"
        }
      }, 
      "issue_place": {
        "scale": 2.0, 
        "workflow": {
          "settings": {
            "custom_alphabet": "ABCDEFGHIJKLMNOPQRSTUVWXYZ -", 
            "recstr": ":/recstr/111_eu_n0003_recstr.json"
          }, 
          "type": "common"
        }
      }, 
      "mrz_line1": {"scale": 1.2, "workflow": ":/mrz-data/mrz_field_workflow.json"}, 
      "mrz_line2": {"scale": 1.2, "workflow": ":/mrz-data/mrz_field_workflow.json"}, 
      "name": {
        "scale": 2.0, 
        "workflow": {
          "settings": {
            "custom_alphabet": "ABCDEFGHIJKLMNOPQRSTUVWXYZ -.", 
            "recstr": ":/recstr/111_eu_n0004_recstr.json"
          }, 
          "type": "common"
        }
      }, 
      "nationality": {
        "scale": 2.0, 
        "workflow": {
          "settings": {
            "custom_alphabet": "ABCDEFGHIJKLMNOPQRSTUVWXYZ -.", 
            "recstr": ":/recstr/111_eu_n0004_recstr.json"
          }, 
          "type": "common"
        }
      }, 
      "number": {
        "scale": 2.0, 
        "workflow": {
          "settings": {
            "custom_alphabet": "ABCDEFGHIJKLMNOPQRSTUVWXYZ 123456789", 
            "recstr": ":/recstr/111_eu_n0267_recstr.json"
          }, 
          "type": "common"
        }
      }, 
      "observation": {
        "scale": 2.0, 
        "workflow": {
          "settings": {
            "custom_alphabet": "ABCDEFGHIJKLMNOPQRSTUVWXYZ -.", 
            "recstr": ":/recstr/111_eu_n0004_recstr.json"
          }, 
          "type": "common"
        }
      }, 
      "passport_number": {
        "scale": 2.0, 
        "workflow": {
          "settings": {
            "custom_alphabet": "0123456789 -/.", 
            "recstr": ":/recstr/001__n0048_recstr.json"
          }, 
          "type": "common"
        }
      }, 
      "photo": {"workflow": {"settings": {}, "type": "image"}}, 
      "type": {
        "scale": 2.0, 
        "workflow": {
          "settings": {
            "custom_alphabet": "ABCDEFGHIJKLMNOPQRSTUVWXYZ -.", 
            "recstr": ":/recstr/111_eu_n0006_recstr.json"
          }, 
          "type": "common"
        }
      }, 
      "until_date": {
        "scale": 2.0, 
        "workflow": {
          "settings": {
            "custom_alphabet": "0123456789 -/.", 
            "recstr": ":/recstr/001__n0048_recstr.json"
          }, 
          "type": "common"
        }
      }, 
      "vaf_number": {
        "scale": 2.0, 
        "workflow": {
          "settings": {
            "custom_alphabet": "0123456789 -/.", 
            "recstr": ":/recstr/001__n0048_recstr.json"
          }, 
          "type": "common"
        }
      }
    }, 
    "formatters": [
      ":/postprocessor/mrz/mrz_formatter_slot_new_mrvb.json", 
      {
        "formatter": ":/postprocessor/spaces_filter.json", 
        "input_fields": ["passport_number"]
      }, 
      {
        "formatter": ":/postprocessor/punctuation_filter.json", 
        "input_fields": ["number"]
      }, 
      {
        "formatter": ":/postprocessor/punctuation_filter.json", 
        "input_fields": ["entries_number"]
      }, 
      {"formatter": ":/postprocessor/punctuation_filter.json", "input_fields": ["type"]}, 
      {
        "formatter": ":/postprocessor/date/default_expiry_date_DDMMYY_formatter.json", 
        "input_fields": ["entry_date"]
      }, 
      {
        "formatter": ":/postprocessor/date/default_expiry_date_DDMMYY_formatter.json", 
        "input_fields": ["until_date"]
      }, 
      {
        "formatter": ":/postprocessor/date/default_birth_date_DDMMYY_formatter.json", 
        "input_fields": ["birth_date"]
      }
    ], 
    "image_integrators": {
      "__default__": ":/integrator/default_image_integrator.json", 
      "photo": ":/integrator/default_photo_integrator.json"
    }, 
    "integrators": {
      "__default__": ":/integrator/default_rover_integrator.json", 
      "birth_date": ":/integrator/default_token_integrator.json", 
      "entry_date": ":/integrator/default_token_integrator.json", 
      "full_mrz": ":/integrator/default_mrz_integrator.json", 
      "number": ":/integrator/default_token_integrator.json", 
      "passport_number": ":/integrator/default_token_integrator.json", 
      "until_date": ":/integrator/default_token_integrator.json", 
      "vaf_number": ":/integrator/default_token_integrator.json"
    }, 
    "size": [1050, 740], 
    "zones": {
      "data_zone": {
        "rect": [360, 96, 668, 254], 
        "workflow": {
          "settings": {"vertsgm": "vertsgm/visa_type2_data.json"}, 
          "type": "common"
        }
      }, 
      "mrz_zone": {
        "rect": [0, 235, 1050, 505], 
        "size_override": [1200, 577], 
        "workflow": ":/mrz-data/mrz_zone_workflow_mrvb.json"
      }, 
      "number_zone": {
        "rect": [765, 0, 269, 86], 
        "workflow": {
          "settings": {"vertsgm": "vertsgm/visa_type1_number.json"}, 
          "type": "common"
        }
      }, 
      "photo_zone": {
        "rect": [0, 175, 305, 387], 
        "workflow": ":/photo_retriever/common_objed_photo_retriever.json"
      }
    }
  }
}