{
  "gbr.drvlic.provisional.type3:front": {
    "config": "templates/gbr.drvlic.provisional.type3.front.common.json",
    "expected_fields": [
      "issue_date",
      "surname",
      "name",
      "number",
      "authority",
      "expiry_date",
      "birth_place",
      "birth_date",
      "residence"
    ],
    "fields": {
      "authority": {
        "scale": 2.3,
        "workflow": {
          "settings": {
            "custom_alphabet": "ABCDEFGHIJKLMNOPQRSTUVWXYZ.- ()",
            "deshearer": "mixangler/common.json",
            "recstr": ":/recstr/111_eu_n0285_recstr.json"
          },
          "type": "common"
        }
      },
      "birth_place_and_birth_date": {
        "scale": 2.3,
        "workflow": {
          "settings": {
            "custom_alphabet": "ABCDEFGHIJKLMNOPQRSTUVWXYZ -.,/'\\\"123456789",
            "deshearer": "mixangler/common.json",
            "recstr": ":/recstr/111_eu_n0008_recstr.json"
          },
          "type": "common"
        }
      },
      "issue_expiry_date": {
        "scale": 2.3,
        "workflow": {
          "settings": {
            "custom_alphabet": "ABCDEFGHIJKLMNOPQRSTUVWXYZ123456789 -./()",
            "deshearer": "mixangler/common.json",
            "recstr": ":/recstr/111_eu_n0311_recstr.json"
          },
          "type": "common"
        }
      },
      "name": {
        "scale": 2.3,
        "workflow": {
          "settings": {
            "custom_alphabet": "ABCDEFGHIJKLMNOPQRSTUVWXYZ.- ()",
            "deshearer": "mixangler/common.json",
            "recstr": ":/recstr/111_eu_n0086_recstr.json"
          },
          "type": "common"
        }
      },
      "name2": {
        "scale": 2.3,
        "workflow": {
          "settings": {
            "custom_alphabet": "ABCDEFGHIJKLMNOPQRSTUVWXYZ.- ()",
            "deshearer": "mixangler/common.json",
            "recstr": ":/recstr/111_eu_n0285_recstr.json"
          },
          "type": "common"
        }
      },
      "number": {
        "scale": 2.3,
        "workflow": {
          "settings": {
            "custom_alphabet": "ABCDEFGHIJKLMNOPQRSTUVWXYZ -.,/'\\\"123456789",
            "deshearer": "mixangler/common.json",
            "recstr": ":/recstr/111_eu_n0086_recstr.json"
          },
          "type": "common"
        }
      },
      "photo": {"workflow": {"settings": {}, "type": "image"}},
      "residence1": {
        "scale": 2.7,
        "workflow": {
          "settings": {
            "custom_alphabet": "ABCDEFGHIJKLMNOPQRSTUVWXYZ -.,/'\\\"123456789",
            "deshearer": ":/mixangler/dummy_deshearer.json",
            "recstr": ":/recstr/111_eu_n0086_recstr.json"
          },
          "type": "common"
        }
      },
      "residence2": {
        "scale": 2.7,
        "workflow": {
          "settings": {
            "custom_alphabet": "ABCDEFGHIJKLMNOPQRSTUVWXYZ -.,/'\\\"123456789",
            "deshearer": ":/mixangler/dummy_deshearer.json",
            "recstr": ":/recstr/111_eu_n0054_recstr.json"
          },
          "type": "common"
        }
      },
      "signature": {"workflow": {"settings": {}, "type": "image"}},
      "surname": {
        "scale": 2.3,
        "workflow": {
          "settings": {
            "custom_alphabet": "ABCDEFGHIJKLMNOPQRSTUVWXYZ.- ()",
            "deshearer": "mixangler/common.json",
            "recstr": ":/recstr/111_eu_n0089_recstr.json"
          },
          "type": "common"
        }
      }
    },
    "formatters": [
      {
        "formatter": ":/postprocessor/dummy_postprocessor.json",
        "input_fields": ["surname"]
      },
      {
        "formatter": ":/postprocessor/dummy_postprocessor.json",
        "input_fields": ["name"]
      },
      {
        "formatter": ":/postprocessor/dummy_postprocessor.json",
        "input_fields": ["name2"]
      },
      {
        "allow_incomplete_inputs": true,
        "formatter": "postprocessors/drvlic_name_merger.json",
        "input_fields": ["name", "name2"],
        "output_fields": ["name"]
      },
      {
        "formatter": "postprocessors/bplace_and_bdate_formatter.json",
        "input_fields": ["birth_place_and_birth_date"],
        "output_fields": ["birth_place", "birth_date"]
      },
      {
        "formatter": ":/postprocessor/dummy_postprocessor.json",
        "input_fields": ["authority"]
      },
      {
        "formatter": "postprocessors/type3_issue_expiry_date_splitter.json",
        "input_fields": ["issue_expiry_date"],
        "output_fields": ["issue_date", "expiry_date"]
      },
      {
        "formatter": "postprocessors/number_clutter_filter.json",
        "input_fields": ["number"]
      },
      {
        "allow_incomplete_inputs": true,
        "formatter": "postprocessors/residence_merger_postprocessor.json",
        "input_fields": ["residence1", "residence2"],
        "output_fields": ["residence"]
      },
      {
        "formatter": "postprocessors/normalizer.json",
        "input_fields": ["residence"],
        "output_fields": ["residence"]
      }
    ],
    "image_integrators": {
      "__default__": ":/integrator/default_image_integrator.json",
      "photo": ":/integrator/default_photo_integrator.json"
    },
    "integrators": {
      "__default__": ":/integrator/default_rover_integrator.json",
      "number": ":/integrator/default_token_integrator.json"
    },
    "size": [856, 540],
    "zones": {
      "photo_zone": {
        "rect": [0, 0, 420, 540],
        "workflow": ":/photo_retriever/common_objed_photo_retriever.json"
      },
      "signature": {
        "rect": [460, 310, 320, 90],
        "workflow": ":/signature_retriever/signature_retriever.json"
      },
      "zone1": {
        "rect": [285, 60, 570, 425],
        "workflow": {
          "settings": {"vertsgm": "vertsgm/drv_prov_type3_with_dp.json"},
          "type": "common"
        }
      }
    }
  }
}