{
  "gbr.drvlic.provisional.type2:front": {
    "config": "templates/gbr.drvlic.provisional.type2.front.common.json",
    "expected_fields": [
      "issue_date",
      "surname",
      "name",
      "number",
      "authority",
      "expiry_date",
      "birth_place",
      "birth_date",
      "residence"
    ],
    "fields": {
      "authority": {
        "scale": 1.8,
        "workflow": {
          "settings": {
            "custom_alphabet": "ABCDEFGHIJKLMNOPQRSTUVWXYZ.- ()",
            "deshearer": "mixangler/common.json",
            "recstr": ":/recstr/111_eu_n0114_recstr.json"
          },
          "type": "common"
        }
      },
      "birth_place_and_birth_date": {
        "scale": 2.1,
        "workflow": {
          "settings": {
            "custom_alphabet": "ABCDEFGHIJKLMNOPQRSTUVWXYZ -.,/'\\\"123456789",
            "deshearer": "mixangler/common.json",
            "recstr": ":/recstr/111_eu_n0008_recstr.json"
          },
          "type": "common"
        }
      },
      "expiry_date": {
        "scale": 1.8,
        "workflow": {
          "settings": {
            "custom_alphabet": "0123456789 .-",
            "deshearer": "mixangler/common.json",
            "recstr": ":/recstr/001__n0087_recstr.json"
          },
          "type": "common"
        }
      },
      "issue_date": {
        "scale": 1.8,
        "workflow": {
          "settings": {
            "custom_alphabet": "0123456789 .-",
            "deshearer": "mixangler/common.json",
            "recstr": ":/recstr/001__n0019_recstr.json"
          },
          "type": "common"
        }
      },
      "name": {
        "scale": 1.8,
        "workflow": {
          "settings": {
            "custom_alphabet": "ABCDEFGHIJKLMNOPQRSTUVWXYZ.- ()",
            "deshearer": "mixangler/common.json",
            "recstr": ":/recstr/111_eu_n0110_recstr.json"
          },
          "type": "common"
        }
      },
      "name2": {
        "scale": 1.8,
        "workflow": {
          "settings": {
            "custom_alphabet": "ABCDEFGHIJKLMNOPQRSTUVWXYZ.- ()",
            "deshearer": "mixangler/common.json",
            "recstr": ":/recstr/111_eu_n0285_recstr.json"
          },
          "type": "common"
        }
      },
      "number": {
        "scale": 1.8,
        "workflow": {
          "settings": {
            "custom_alphabet": "ABCDEFGHIJKLMNOPQRSTUVWXYZ -.,/'\\\"123456789",
            "deshearer": "mixangler/common.json",
            "recstr": ":/recstr/111_eu_n0026_recstr.json"
          },
          "type": "common"
        }
      },
      "photo": {"workflow": {"settings": {}, "type": "image"}},
      "residence1": {
        "scale": 2.5,
        "workflow": {
          "settings": {
            "custom_alphabet": "ABCDEFGHIJKLMNOPQRSTUVWXYZ -.,/'\\\"123456789",
            "deshearer": ":/mixangler/dummy_deshearer.json",
            "recstr": ":/recstr/111_eu_n0223_recstr.json"
          },
          "type": "common"
        }
      },
      "residence2": {
        "scale": 2.5,
        "workflow": {
          "settings": {
            "custom_alphabet": "ABCDEFGHIJKLMNOPQRSTUVWXYZ -.,/'\\\"123456789",
            "deshearer": ":/mixangler/dummy_deshearer.json",
            "recstr": ":/recstr/111_eu_n0223_recstr.json"
          },
          "type": "common"
        }
      },
      "signature": {"workflow": {"settings": {}, "type": "image"}},
      "surname": {
        "scale": 1.8,
        "workflow": {
          "settings": {
            "custom_alphabet": "ABCDEFGHIJKLMNOPQRSTUVWXYZ.- ()",
            "deshearer": "mixangler/common.json",
            "recstr": ":/recstr/111_eu_n0390_recstr.json"
          },
          "type": "common"
        }
      }
    },
    "formatters": [
      {
        "formatter": ":/postprocessor/date/default_issue_date_multipattern_formatter.json",
        "input_fields": ["issue_date"]
      },
      {
        "formatter": ":/postprocessor/dummy_postprocessor.json",
        "input_fields": ["surname"]
      },
      {
        "formatter": ":/postprocessor/dummy_postprocessor.json",
        "input_fields": ["name"]
      },
      {
        "formatter": ":/postprocessor/dummy_postprocessor.json",
        "input_fields": ["name2"]
      },
      {
        "allow_incomplete_inputs": true,
        "formatter": "postprocessors/drvlic_name_merger.json",
        "input_fields": ["name", "name2"],
        "output_fields": ["name"]
      },
      {
        "formatter": "postprocessors/bplace_and_bdate_formatter.json",
        "input_fields": ["birth_place_and_birth_date"],
        "output_fields": ["birth_place", "birth_date"]
      },
      {
        "formatter": ":/postprocessor/dummy_postprocessor.json",
        "input_fields": ["number"]
      },
      {
        "formatter": ":/postprocessor/dummy_postprocessor.json",
        "input_fields": ["authority"]
      },
      {
        "formatter": ":/postprocessor/date/default_expiry_date_multipattern_formatter.json",
        "input_fields": ["expiry_date"]
      },
      {
        "allow_incomplete_inputs": true,
        "formatter": "postprocessors/residence_merger_postprocessor.json",
        "input_fields": ["residence1", "residence2"],
        "output_fields": ["residence"]
      },
      {
        "formatter": "postprocessors/normalizer.json",
        "input_fields": ["residence"],
        "output_fields": ["residence"]
      }
    ],
    "image_integrators": {
      "__default__": ":/integrator/default_image_integrator.json",
      "photo": ":/integrator/default_photo_integrator.json"
    },
    "integrators": {
      "__default__": ":/integrator/default_rover_integrator.json",
      "expiry_date": ":/integrator/default_token_integrator.json",
      "issue_date": ":/integrator/default_token_integrator.json",
      "number": ":/integrator/default_token_integrator.json"
    },
    "size": [856, 540],
    "zones": {
      "photo_zone": {
        "rect": [0, 0, 420, 540],
        "workflow": ":/photo_retriever/common_objed_photo_retriever.json"
      },
      "signature": {
        "rect": [280, 290, 500, 60],
        "workflow": ":/signature_retriever/signature_retriever.json"
      },
      "zone1": {
        "rect": [275, 50, 580, 390],
        "workflow": {
          "settings": {"vertsgm": "vertsgm/drv_prov_type2_with_dp.json"},
          "type": "common"
        }
      }
    }
  }
}