{
  "compare_fields_checks": [
    {
      "check_name": "check_birth_date", 
      "mrz_field_sequence": ["mrz_birth_date"], 
      "required_field_sequence": ["birth_date"], 
      "strict_compare": true, 
      "trash_alphabet": ""
    }, 
    {
      "check_name": "check_expiry_date", 
      "mrz_field_sequence": ["mrz_expiry_date"], 
      "required_field_sequence": ["expiry_date"], 
      "strict_compare": true, 
      "trash_alphabet": ""
    }, 
    {
      "check_name": "check_gender", 
      "check_transcription_field": true, 
      "mrz_field_sequence": ["mrz_gender"], 
      "required_field_sequence": ["gender"], 
      "strict_compare": true, 
      "trash_alphabet": ""
    }, 
    {
      "check_name": "check_issue_date", 
      "mrz_field_sequence": ["mrz_issue_date"], 
      "required_field_sequence": ["issue_date"], 
      "strict_compare": true, 
      "trash_alphabet": ""
    }, 
    {
      "check_name": "check_last_name", 
      "check_transcription_field": true, 
      "mrz_field_sequence": ["mrz_last_name"], 
      "required_field_sequence": ["last_name"], 
      "strict_compare": false, 
      "trash_alphabet": ""
    }, 
    {
      "check_name": "check_name", 
      "check_transcription_field": true, 
      "mrz_field_sequence": ["mrz_name"], 
      "required_field_sequence": ["name"], 
      "strict_compare": false, 
      "trash_alphabet": ""
    }, 
    {
      "check_name": "check_nationality", 
      "check_transcription_field": true, 
      "mrz_field_sequence": ["mrz_nationality"], 
      "required_field_sequence": ["nationality"], 
      "strict_compare": true, 
      "trash_alphabet": ""
    }, 
    {
      "check_name": "check_number", 
      "mrz_field_sequence": ["mrz_number"], 
      "required_field_sequence": ["number"], 
      "strict_compare": true, 
      "trash_alphabet": " "
    }
  ], 
  "symbols_table": ":/postprocessor/symbols_table.json"
}