[
    {
        "descriptors": [
            {
                "angle": 0,
                "path": "variants/bra.medcard.unimed.type1.front.common_0.desc"
            },
            {
                "angle": 90,
                "path": "variants/bra.medcard.unimed.type1.front.common_1.desc"
            },
            {
                "angle": 180,
                "path": "variants/bra.medcard.unimed.type1.front.common_2.desc"
            },
            {
                "angle": 270,
                "path": "variants/bra.medcard.unimed.type1.front.common_3.desc"
            }
        ],
        "keypoints": "variants/bra.medcard.unimed.type1.front.common.txt",
        "(source)": "sources/bra.medcard.unimed.type1.front.common.png"
    },
    {
        "descriptors": [
            {
                "angle": 0,
                "path": "variants/bra.medcard.unimed.type1.front.common.second_0.desc"
            },
            {
                "angle": 90,
                "path": "variants/bra.medcard.unimed.type1.front.common.second_1.desc"
            },
            {
                "angle": 180,
                "path": "variants/bra.medcard.unimed.type1.front.common.second_2.desc"
            },
            {
                "angle": 270,
                "path": "variants/bra.medcard.unimed.type1.front.common.second_3.desc"
            }
        ],
        "keypoints": "variants/bra.medcard.unimed.type1.front.common.second.txt",
        "(source)": "sources/bra.medcard.unimed.type1.front.common.second.png"
    }
]