[
    {
        "descriptors": [
            {
                "angle": 0,
                "path": "variants/gbr_drv_type1_front_sample1_0.desc"
            },
            {
                "angle": 90,
                "path": "variants/gbr_drv_type1_front_sample1_1.desc"
            },
            {
                "angle": 180,
                "path": "variants/gbr_drv_type1_front_sample1_2.desc"
            },
            {
                "angle": 270,
                "path": "variants/gbr_drv_type1_front_sample1_3.desc"
            }
        ],
        "keypoints": "variants/gbr_drv_type1_front_sample1.txt",
        "(source)": "sources/gbr_drv_type1_front_sample1.png"
    },
    {
        "descriptors": [
            {
                "angle": 0,
                "path": "variants/gbr.drvlic.type1.front.smp2_0.desc"
            },
            {
                "angle": 90,
                "path": "variants/gbr.drvlic.type1.front.smp2_1.desc"
            },
            {
                "angle": 180,
                "path": "variants/gbr.drvlic.type1.front.smp2_2.desc"
            },
            {
                "angle": 270,
                "path": "variants/gbr.drvlic.type1.front.smp2_3.desc"
            }
        ],
        "keypoints": "variants/gbr.drvlic.type1.front.smp2.txt",
        "(source)": "sources/gbr.drvlic.type1.front.smp2.png"
    }
]