{
  "linesgm": {
    "settings": {
      "allowable_expand": 1.3, 
      "blines_padding": 0.1, 
      "fcr": {
        "autocontrast": false, 
        "layer_applier": {"nn_path": "netdata/final/synthetic/digits/dig_001_all_fcr.pb"}, 
        "scale_x": 0.7, 
        "y_padding": [0.7, 0.7]
      }, 
      "fcr_only": true, 
      "font_depth": [[0.5, 1.0]], 
      "layer_applier": {"nn_path": "cuts_nn/sgm_rus_eng.pb"}, 
      "padding_x": 0.04, 
      "padding_y": 0.04, 
      "sgm_nn_weight": 0.5, 
      "vert_correction": false
    }, 
    "type": "simple"
  }, 
  "normalize_spaces": true
}