{
  "linesgm": {
    "settings": {
      "blines_padding": 0.25, 
      "fcr": {
        "autocontrast": false, 
        "layer_applier": {"nn_path": "netdata/final/synthetic/digits/dig_001_all_fcr.pb"}, 
        "scale_x": 0.7, 
        "y_padding": [0.7, 0.7]
      }, 
      "fcr_only": true, 
      "font_depth": {" /-": [0.15, 0.6], "~": [0.2, 1.0]}, 
      "layer_applier": {"nn_path": "cuts_nn/sgm_mlang_light.pb"}, 
      "scale_x": 0.9, 
      "sgm_nn_weight": 0.5
    }, 
    "type": "simple"
  }, 
  "normalize_spaces": true
}