{
  "filter_spaces": true, 
  "linesgm": {
    "settings": {
      "blines_padding": 0.25, 
      "fcr": {
        "autocontrast": false, 
        "layer_applier": {"nn_path": "netdata/final/synthetic/mlang/eu_111_all_fcr.pb"}, 
        "scale_x": 0.75, 
        "y_padding": [0.75, 0.75]
      }, 
      "fcr_only": true, 
      "font_depth": {"I.": [0.2, 1.0], "MW": [0.5, 1.65], "~": [0.5, 1.25]}, 
      "layer_applier": {"nn_path": "cuts_nn/sgm_mlang_light.pb"}, 
      "scale_x": 0.9, 
      "sgm_nn_weight": 0.5
    }, 
    "type": "simple"
  }, 
  "normalize_spaces": true
}