{
  "filter_spaces": true, 
  "linesgm": {
    "settings": {
      "allowable_expand": 1.3, 
      "blines_padding": 0.1, 
      "fcr": {
        "autocontrast": false, 
        "layer_applier": {"nn_path": "netdata/final/synthetic/mlang/eu_111_all_fcr.pb"}, 
        "scale_x": 0.8, 
        "y_padding": [0.8, 0.8]
      }, 
      "fcr_only": true, 
      "font_depth": {" ": [0.2, 1.7], "I": [0.3, 0.9], "~": [0.7, 1.4]}, 
      "layer_applier": {"nn_path": "cuts_nn/sgm_rus_eng.pb"}, 
      "sgm_nn_weight": 0.5, 
      "vert_correction": false
    }, 
    "type": "simple"
  }, 
  "normalize_spaces": true
}