{
  "filter_spaces": true, 
  "linesgm": {
    "settings": {
      "blines_padding": 0.25, 
      "fcr": {
        "autocontrast": false, 
        "layer_applier": {"nn_path": "netdata/final/synthetic/mlang/eu_111_all_fcr.pb"}, 
        "scale_x": 0.75, 
        "y_padding": [0.75, 0.75]
      }, 
      "fcr_only": true, 
      "font_depth": {".'-I": [0.15, 0.6], "WM": [0.4, 1.5], "~": [0.15, 1.3]}, 
      "layer_applier": {"nn_path": "cuts_nn/sgm_mlang_light.pb"}, 
      "scale_x": 1.0, 
      "sgm_nn_weight": 0.5
    }, 
    "type": "simple"
  }, 
  "normalize_spaces": true
}