{
    "(sample)": "gbr.drvlic.provisional.type2.front.common/sample.png",
    "features": {
        "content": {
            "(ffe)": ":/docs/gbr/ffe_config_mobile.json",
            "descriptor_size": 296,
            "descriptor_type": "uint1",
            "rotations": 4,
            "variants": "gbr.drvlic.provisional.type2.front.common/variants.json"
        },
        "type": "common"
    },
    "name": "gbr.drvlic.provisional.type2:front",
    "size_mm": [
        85.6,
        54.0
    ],
    "size_px": [
        856,
        540
    ]
}