{
    "(sample)": "gbr.passport.type4.main.common/sample.jpg",
    "features": {
        "content": {
            "(ffe)": "",
            "descriptor_size": 296,
            "descriptor_type": "uint1",
            "rotations": 4,
            "variants": "gbr.passport.type4.main.common/variants.json"
        },
        "type": "common"
    },
    "linked_templates": [
    ],
    "name": "gbr.passport.type4:main",
    "size_mm": [
        125,
        88
    ],
    "size_px": [
        1250,
        880
    ]
}
