{
  "type": "levdict",
  "settings": {
    "dictionary": {
      "type": "inline",
      "data": [
        "IPS",
        "FCO",
        "UKPA",
        "HMPO"
      ]
    },
    "max_input_confidence": 1.0,
    "max_input_dict_weight": 100,
    "min_change_dict_weight": 0,
    "max_levenshtein_penalty": 1.9,
    "insertion_base_penalty": 1.0,
    "insertion_streak_penalty": 1.0,
    "deletion_base_penalty": 1.0,
    "deletion_streak_penalty": 1.0,
    "substitution_weight": 0.9,
    "max_states_count": 100
  }
}