{
  "type": "levdict",
  "settings":{
    "dictionary":{
      "type": "inline",
      "data":[
        "FKLNP", 
        "FKLNPQ",
        "AM",
        "A1",
        "A2",
        "A",
        "B1",
        "B",
        "C",
        "C1",
        "D",
        "D1",
        "BE",
        "C1E",
        "CE",
        "D1E",
        "DE"
      ]
    },
    "max_input_confidence": 1.0,
    "max_input_dict_weight": 100,
    "min_change_dict_weight": 0,
    "max_levenshtein_penalty": 3,
    "insertion_base_penalty": 1,
    "insertion_streak_penalty": 1,
    "deletion_base_penalty": 1,
    "deletion_streak_penalty": 1,
    "substitution_weight": 0.6,
    "max_states_count": 100
   }
 }