{
  "type": "field_name_dispatcher",
  "settings": {
    "key_field": "expiry_date_1",
    "value_field": "category1",
    "match": {
      "AM": "expiry_date_category_am",
      "A1": "expiry_date_category_a1",
      "A2": "expiry_date_category_a2",
      "A": "expiry_date_category_a",
      "B1": "expiry_date_category_b1",
      "B": "expiry_date_category_b",
      "C": "expiry_date_category_c",
      "C1": "expiry_date_category_c1",
      "D": "expiry_date_category_d",
      "D1": "expiry_date_category_d1",
      "BE": "expiry_date_category_be",
      "C1E": "expiry_date_category_c1e",
      "CE": "expiry_date_category_ce",
      "D1E":"expiry_date_category_d1e",
      "DE": "expiry_date_category_de",
      "FKLNPQ": "expiry_date_category_fklnpq",
      "FKLNP": "expiry_date_category_fklnp"
    }
  }
}