{
  "type": "field_name_dispatcher",
  "settings": {
    "key_field": "issue_date_2",
    "value_field": "category2",
    "match": {
      "AM": "issue_date_category_am",
      "A1": "issue_date_category_a1",
      "A2": "issue_date_category_a2",
      "A": "issue_date_category_a",
      "B1": "issue_date_category_b1",
      "B": "issue_date_category_b",
      "C": "issue_date_category_c",
      "C1": "issue_date_category_c1",
      "D": "issue_date_category_d",
      "D1": "issue_date_category_d1",
      "BE": "issue_date_category_be",
      "C1E": "issue_date_category_c1e",
      "CE": "issue_date_category_ce",
      "D1E":"issue_date_category_d1e",
      "DE": "issue_date_category_de",
      "FKLNPQ": "issue_date_category_fklnpq",
      "FKLNP": "issue_date_category_fklnp"
    }
  }
}