{
  "type": "gbr_drivelic_number",
  "settings": {
    "digits_postprocessor": {
      "type": "alphabet",
      "settings": {
        "type_app": "const_alph",    
        "mask_str": "0123456789",
        "min_confidence": 0.2,
        "sum_alph_confidence": 0.98,
        "matchs" : {
          "O" : "0",
          "D" : "0",
          "G": "6",
          "B": "8",
          "A": "4",
          "I": "1",
          "Z": "2",
          "S": "5"
        },
        "remove_nonsense_fields": false
      }
    },
    "letters_postprocessor": {
      "type": "alphabet",
      "settings": {
        "type_app": "const_alph",    
        "mask_str": " ABCDEFGHIJKLMNOPQRSTUVWXYZ",
        "min_confidence": 0.2,
        "sum_alph_confidence": 0.98,
        "matchs" : {
          "1" : "I",
          "0" : "O",
          "8": "B",
          "7": "T"
        },
        "remove_nonsense_fields": false
      }
    },
    "field_name":    "number",
    "surname_alias": "surname"
  }
}