{
  "type": "levdict_substring",
  "settings": {
    "substring_overlap_wing": 0,
    "substring_penalty_threshold": 0.5,
    "substring_confidence_threshold": 10.99,

    "separators_alphabet": " ",
    "separator_replacement": "|",
    "separator_replacement_confidence": 1.0,

    "dictionary": {
      "type": "inline",
      "data": [
        "|(AND ANY CHANGES)|",
        "|10 HRS MAX|",
        "|20 HRS MAX|",
        "|ABLE TO|",
        "|AS AUTHORISED BY|",
        "|AS IN TIER|",
        "|DAYS|",
        "|DOES NOT ENTER|",
        "|DURING|",
        "|EMPLOYMENT|",
        "|EU RIGHT TO RESIDE|",
        "|F/T VACATIONS|",
        "|INDEFINITE|",
        "|LEAVE TO REMAIN|",
        "|LIMIT AS IN|",
        "|MUST BE AUTHORISED|",
        "|NI NUMBER|",
        "|NO BUSINESS|",
        "|NO DR/DEN TRAIN|",
        "|NO DR/DENTIST|",
        "|NO PUBLIC FUNDS|",
        "|NO TIME LIMIT|",
        "|NO WORK|",
        "|P/T TERM RIME|",
        "|P/T TERM-RIME|",
        "|PBS RULES|",
        "|PER WEEK|",
        "|PERMITTED|",
        "|PROHIBITED|",
        "|REGISTER/REPORT TO POLICE|",
        "|RESTRICTED WORK|",
        "|RULES|",
        "|SECRETARY OF STATE|",
        "|SPORTSPERSON|",
        "|STUDY|",
        "|TERM TIME|",
        "|TERM-TIME|",
        "|TIME|",
        "|TRAINING|",
        "|WORK|"
      ]
    },
    "levdict_search": {
      "max_relative_levenshtein_penalty": 0.2,
      "min_change_dict_weight": 0,
      "max_states_count": 5000,
      "insertion_base_penalty": 0.8,
      "insertion_streak_penalty": 0.8,
      "deletion_base_penalty": 0.8,
      "deletion_streak_penalty": 0.8,
      "substitution_weight": 0.6,

      "max_input_confidence": 0.9,
      "max_input_dict_weight": 0
    }
  }
}