{
  "type": "levdict_substring",
  "settings": {
    "substring_overlap_wing": 0,
    "substring_penalty_threshold": 0.5,
    "substring_confidence_threshold": 10.99,

    "separators_alphabet": " ",
    "separator_replacement": "|",
    "separator_replacement_confidence": 1.0,

    "dictionary": {
      "type": "inline",
      "data": [
        "|(ENTREPRENEUR)|",
        "|(GENERAL)|",
        "|(INTRA-COMPANY TRANSFER)|",
        "|(INVESTOR)|",
        "|(MINISTER OF RELIGION)|",
        "|(POST STUDY WORK)|",
        "|(SPORTSPERSON)|",
        "|(TEMPORARY WORKERS)|",
        "|(YOUTH MOBILITY)|",
        "|BUSINESS|",
        "|DEPENDANT|",
        "|DERIVATE|",
        "|FAMILY MEMBER - EU|",
        "|GENERAL STUDENT|",
        "|LEAVE TO ENTER|",
        "|LEAVE TO REMAIN|",
        "|PERMANENT|",
        "|PERMIT|",
        "|RESIDENCE|",
        "|SABBATICAL OFFICER|",
        "|SETTLEMENT|",
        "|SPORTS|",
        "|SPOSNSOR|",
        "|STUDENT|",
        "|T1 HS POST STUDY|",
        "|T4 GENERAL STUDENT|",
        "|TIER 1|",
        "|TIER 2|",
        "|TIER 4|",
        "|TIER 5|",
        "|VISITOR|",
        "|WORK|"
      ]
    },
    "levdict_search": {
      "max_relative_levenshtein_penalty": 0.2,
      "min_change_dict_weight": 0,
      "max_states_count": 5000,
      "insertion_base_penalty": 0.8,
      "insertion_streak_penalty": 0.8,
      "deletion_base_penalty": 0.8,
      "deletion_streak_penalty": 0.8,
      "substitution_weight": 0.6,

      "max_input_confidence": 0.9,
      "max_input_dict_weight": 0
    }
  }
}