{
    "type": "dynamic",
    "settings": {
        "preprocessing": {
            "processing_steps": [
                {
                      "type": "nn_img_processing",
                      "settings": {
                        "layer_applier": {"nn_path": ":/recstr/special_nn/vert_sgm_mrz.pb"},
                        "scale_x": 0.6,
                        "scale_y": 0.6
                      }
                },
                {
                    "type": "angle_detection",
                    "settings": {
                        "width_downscale": 0.15,
                        "height_downscale": 0.5
                    }
                }
            ],
            "settings": {}
        },
        "settings": {
            "grid_step_y": 1,
            "grid_step_x": 1,
            "gap_right": 50,
            "gap_left": 50,
            "gap_bot": 10,
            "gap_top": 10,
            "score_type": "otsu",
            "rejection_threshold": 0.15,
            "default_gap_dp_cost": 0.0,
            "default_gap_otsu_cost": 0.7,
            "local_otsu_window_wing": -1
        },
        "layout": [
            {
                "delta_height": 100,
                "line_type": "gap",
                "height": 100
            },
            {
                "line_type": "text",
                "height": 31,
                "delta_height": 6,
                "fields": [
                    {
                        "field_type": "gap",
                        "delta_width": 130,
                        "width": 130
                    },
                    {
                        "field_type": "text",
                        "cost": 1.0,
                        "field_name": "mrz_line1",
                        "is_optional": false,
                        "delta_width": 200,
                        "width": 800
                    },
                    {
                        "field_type": "gap",
                        "delta_width": 130,
                        "width": 130
                    }
                ]
            },
            {
                "delta_height": 40,
                "line_type": "gap",
                "height": 50
            },
            {
                "line_type": "text",
                "height": 31,
                "delta_height": 6,
                "fields": [
                    {
                        "field_type": "gap",
                        "delta_width": 130,
                        "width": 130
                    },
                    {
                        "field_type": "text",
                        "cost": 1.0,
                        "field_name": "mrz_line2",
                        "is_optional": false,
                        "delta_width": 200,
                        "width": 800
                    },
                    {
                        "field_type": "gap",
                        "delta_width": 130,
                        "width": 130
                    }
                ]
            },
            {
                "delta_height": 40,
                "line_type": "gap",
                "height": 50
            },
            {
                "line_type": "text",
                "height": 31,
                "delta_height": 6,
                "fields": [
                    {
                        "field_type": "gap",
                        "delta_width": 130,
                        "width": 130
                    },
                    {
                        "field_type": "text",
                        "cost": 1.0,
                        "field_name": "mrz_line3",
                        "is_optional": false,
                        "delta_width": 200,
                        "width": 800
                    },
                    {
                        "field_type": "gap",
                        "delta_width": 130,
                        "width": 130
                    }
                ]
            },
            {
                "delta_height": 100,
                "line_type": "gap",
                "height": 100
            }
        ]
    }
}
