{
    "descriptors": {
        "descriptor_size": 37,
        "descriptors_path": "gbr_drvlic_type1_front_common_3.bst.desc"
    },
    "boosting_params": [
        {
            "weight": 0.045716568815073910237,
            "threshold": 56
        },
        {
            "weight": 0.037407861196461868192,
            "threshold": 69
        },
        {
            "weight": 0.035166243912716894926,
            "threshold": 66
        },
        {
            "weight": 0.032240054302701152966,
            "threshold": 70
        },
        {
            "weight": 0.025086736001676431668,
            "threshold": 72
        },
        {
            "weight": 0.029649768003563371777,
            "threshold": 62
        },
        {
            "weight": 0.026921326346038304544,
            "threshold": 56
        },
        {
            "weight": 0.02287206635943380903,
            "threshold": 73
        },
        {
            "weight": 0.022566761397041810305,
            "threshold": 69
        },
        {
            "weight": 0.022295135733229491659,
            "threshold": 63
        },
        {
            "weight": 0.024300875204714907779,
            "threshold": 72
        },
        {
            "weight": 0.025427785367474212141,
            "threshold": 72
        },
        {
            "weight": 0.022904761735948790669,
            "threshold": 63
        },
        {
            "weight": 0.023120649966964310768,
            "threshold": 82
        },
        {
            "weight": 0.016616316157338766046,
            "threshold": 63
        },
        {
            "weight": 0.016542555680525122819,
            "threshold": 67
        },
        {
            "weight": 0.018780246418972638273,
            "threshold": 68
        },
        {
            "weight": 0.01827488923871442919,
            "threshold": 80
        },
        {
            "weight": 0.016877923316414928517,
            "threshold": 54
        },
        {
            "weight": 0.018217064362938427402,
            "threshold": 75
        },
        {
            "weight": 0.015156105538484654013,
            "threshold": 65
        },
        {
            "weight": 0.01594028121500150677,
            "threshold": 71
        },
        {
            "weight": 0.015738249527530043248,
            "threshold": 63
        },
        {
            "weight": 0.016535914171594775363,
            "threshold": 66
        },
        {
            "weight": 0.016008203684122836868,
            "threshold": 71
        },
        {
            "weight": 0.015690271316813581004,
            "threshold": 63
        },
        {
            "weight": 0.016354622482945457146,
            "threshold": 73
        },
        {
            "weight": 0.016617611826406229053,
            "threshold": 71
        },
        {
            "weight": 0.014311699296482960353,
            "threshold": 76
        },
        {
            "weight": 0.015049267338720475132,
            "threshold": 82
        },
        {
            "weight": 0.012218710888040036286,
            "threshold": 73
        },
        {
            "weight": 0.011783262507598393082,
            "threshold": 67
        },
        {
            "weight": 0.015590725478145503816,
            "threshold": 77
        },
        {
            "weight": 0.013800745675325075054,
            "threshold": 79
        },
        {
            "weight": 0.014293288438024931777,
            "threshold": 72
        },
        {
            "weight": 0.012227343165237472902,
            "threshold": 54
        },
        {
            "weight": 0.01118015726952581966,
            "threshold": 71
        },
        {
            "weight": 0.010656078148304430619,
            "threshold": 60
        },
        {
            "weight": 0.010710786517774188026,
            "threshold": 74
        },
        {
            "weight": 0.012575868058557156115,
            "threshold": 83
        },
        {
            "weight": 0.0092586828935639509802,
            "threshold": 84
        },
        {
            "weight": 0.012001147112932630465,
            "threshold": 77
        },
        {
            "weight": 0.011032690385210567816,
            "threshold": 71
        },
        {
            "weight": 0.011691103065028938396,
            "threshold": 63
        },
        {
            "weight": 0.011795349160029605998,
            "threshold": 88
        },
        {
            "weight": 0.013675682749984766767,
            "threshold": 83
        },
        {
            "weight": 0.0079409526381404825501,
            "threshold": 74
        },
        {
            "weight": 0.01015377788946086185,
            "threshold": 61
        },
        {
            "weight": 0.0083380591715928719515,
            "threshold": 89
        },
        {
            "weight": 0.0091942710595516626004,
            "threshold": 71
        },
        {
            "weight": 0.0096011322277250159968,
            "threshold": 82
        },
        {
            "weight": 0.0090902585523532850043,
            "threshold": 78
        },
        {
            "weight": 0.0070671198624273007596,
            "threshold": 73
        },
        {
            "weight": 0.0085674322527551152739,
            "threshold": 95
        },
        {
            "weight": 0.009462935128061653739,
            "threshold": 58
        },
        {
            "weight": 0.0066769741297467728042,
            "threshold": 89
        },
        {
            "weight": 0.0069495318813234344818,
            "threshold": 72
        },
        {
            "weight": 0.0066139027828093603645,
            "threshold": 86
        },
        {
            "weight": 0.0075546130275741581878,
            "threshold": 74
        },
        {
            "weight": 0.007491049909525513556,
            "threshold": 85
        },
        {
            "weight": 0.0077257532689843505525,
            "threshold": 73
        },
        {
            "weight": 0.0088863820834390681164,
            "threshold": 57
        },
        {
            "weight": 0.0085721288624598795947,
            "threshold": 69
        },
        {
            "weight": 0.0072342878427397554197,
            "threshold": 76
        }
    ]
}
