{
    "descriptors": {
        "descriptor_size": 37,
        "descriptors_path": "gbr_drvlic_type1_front_common_0.bst.desc"
    },
    "boosting_params": [
        {
            "weight": 0.022077957770113208064,
            "threshold": 52
        },
        {
            "weight": 0.021774996578351819149,
            "threshold": 55
        },
        {
            "weight": 0.020823199338790891744,
            "threshold": 48
        },
        {
            "weight": 0.023673887128634878152,
            "threshold": 49
        },
        {
            "weight": 0.022896809416846485019,
            "threshold": 61
        },
        {
            "weight": 0.017069445399544379283,
            "threshold": 42
        },
        {
            "weight": 0.018186246287335717381,
            "threshold": 57
        },
        {
            "weight": 0.020040711133106754033,
            "threshold": 55
        },
        {
            "weight": 0.019629588455072330411,
            "threshold": 60
        },
        {
            "weight": 0.021665813516661573679,
            "threshold": 55
        },
        {
            "weight": 0.023148263846016616657,
            "threshold": 68
        },
        {
            "weight": 0.014751689139076269719,
            "threshold": 60
        },
        {
            "weight": 0.016867552104351955095,
            "threshold": 62
        },
        {
            "weight": 0.016500941117239490558,
            "threshold": 62
        },
        {
            "weight": 0.018443866536262329414,
            "threshold": 46
        },
        {
            "weight": 0.019705793848209602476,
            "threshold": 53
        },
        {
            "weight": 0.021554093029464208714,
            "threshold": 50
        },
        {
            "weight": 0.019010112054979651924,
            "threshold": 40
        },
        {
            "weight": 0.019022815572697707176,
            "threshold": 54
        },
        {
            "weight": 0.018666922517914328467,
            "threshold": 67
        },
        {
            "weight": 0.016015446164120365757,
            "threshold": 66
        },
        {
            "weight": 0.017960868909161750717,
            "threshold": 54
        },
        {
            "weight": 0.015490678818348129625,
            "threshold": 59
        },
        {
            "weight": 0.01432782974919804761,
            "threshold": 64
        },
        {
            "weight": 0.01742123015981164591,
            "threshold": 57
        },
        {
            "weight": 0.01317442821680989487,
            "threshold": 53
        },
        {
            "weight": 0.014206945128848097459,
            "threshold": 49
        },
        {
            "weight": 0.016584531338989742105,
            "threshold": 62
        },
        {
            "weight": 0.016480644722681504072,
            "threshold": 65
        },
        {
            "weight": 0.019235026144294380818,
            "threshold": 48
        },
        {
            "weight": 0.013978916472764633949,
            "threshold": 64
        },
        {
            "weight": 0.016704460585498844688,
            "threshold": 59
        },
        {
            "weight": 0.015263792479957261419,
            "threshold": 54
        },
        {
            "weight": 0.016304111805221219167,
            "threshold": 59
        },
        {
            "weight": 0.012232423089834522714,
            "threshold": 79
        },
        {
            "weight": 0.015353157519383427848,
            "threshold": 49
        },
        {
            "weight": 0.01282286630618890283,
            "threshold": 57
        },
        {
            "weight": 0.014781796373109659312,
            "threshold": 41
        },
        {
            "weight": 0.015781514648581889543,
            "threshold": 75
        },
        {
            "weight": 0.014499755567724264757,
            "threshold": 61
        },
        {
            "weight": 0.01295109492665714665,
            "threshold": 65
        },
        {
            "weight": 0.014323145617644070238,
            "threshold": 65
        },
        {
            "weight": 0.014669698352078050854,
            "threshold": 55
        },
        {
            "weight": 0.011981204384300883289,
            "threshold": 65
        },
        {
            "weight": 0.0128009446441047052,
            "threshold": 60
        },
        {
            "weight": 0.011232756912106362651,
            "threshold": 76
        },
        {
            "weight": 0.011691068164207779959,
            "threshold": 86
        },
        {
            "weight": 0.012646893106686160971,
            "threshold": 52
        },
        {
            "weight": 0.010548033009368310009,
            "threshold": 54
        },
        {
            "weight": 0.010083952736302123632,
            "threshold": 67
        },
        {
            "weight": 0.011290178188595775821,
            "threshold": 57
        },
        {
            "weight": 0.011925346268049717702,
            "threshold": 55
        },
        {
            "weight": 0.013209292275721840407,
            "threshold": 56
        },
        {
            "weight": 0.013135632257408564466,
            "threshold": 61
        },
        {
            "weight": 0.014506264851834860946,
            "threshold": 51
        },
        {
            "weight": 0.014252564246328553593,
            "threshold": 60
        },
        {
            "weight": 0.015927274871664346551,
            "threshold": 64
        },
        {
            "weight": 0.011309466340844969226,
            "threshold": 47
        },
        {
            "weight": 0.011140978716741632357,
            "threshold": 70
        },
        {
            "weight": 0.010540823228297357961,
            "threshold": 60
        },
        {
            "weight": 0.012214986778086108291,
            "threshold": 57
        },
        {
            "weight": 0.011932388214563115908,
            "threshold": 61
        },
        {
            "weight": 0.010612788606125550528,
            "threshold": 46
        },
        {
            "weight": 0.010942094311083548977,
            "threshold": 63
        }
    ]
}
