{
    "descriptors": {
        "descriptor_size": 37,
        "descriptors_path": "gbr_drvlic_type1_front_common_2.bst.desc"
    },
    "boosting_params": [
        {
            "weight": 0.023232940040050741037,
            "threshold": 56
        },
        {
            "weight": 0.025640236496132538108,
            "threshold": 63
        },
        {
            "weight": 0.028591512043724783693,
            "threshold": 40
        },
        {
            "weight": 0.022261354305408223575,
            "threshold": 65
        },
        {
            "weight": 0.020276202919946511444,
            "threshold": 57
        },
        {
            "weight": 0.018402573816412231417,
            "threshold": 71
        },
        {
            "weight": 0.017087324695576461969,
            "threshold": 79
        },
        {
            "weight": 0.018667028740859289287,
            "threshold": 65
        },
        {
            "weight": 0.019235431881066526044,
            "threshold": 81
        },
        {
            "weight": 0.01865960071348636562,
            "threshold": 51
        },
        {
            "weight": 0.016292507743473565174,
            "threshold": 64
        },
        {
            "weight": 0.019371946645808834492,
            "threshold": 71
        },
        {
            "weight": 0.015321572743588324911,
            "threshold": 67
        },
        {
            "weight": 0.019323246158163311093,
            "threshold": 60
        },
        {
            "weight": 0.018587788342930903346,
            "threshold": 72
        },
        {
            "weight": 0.018988831788081143165,
            "threshold": 50
        },
        {
            "weight": 0.015175964178365980092,
            "threshold": 60
        },
        {
            "weight": 0.019352202832416447176,
            "threshold": 60
        },
        {
            "weight": 0.016948297402505287101,
            "threshold": 58
        },
        {
            "weight": 0.01818425195210309625,
            "threshold": 54
        },
        {
            "weight": 0.017494531386479911239,
            "threshold": 70
        },
        {
            "weight": 0.017846608768684872615,
            "threshold": 74
        },
        {
            "weight": 0.01660220804222705196,
            "threshold": 89
        },
        {
            "weight": 0.016415130227507606503,
            "threshold": 59
        },
        {
            "weight": 0.016559419579204506107,
            "threshold": 64
        },
        {
            "weight": 0.018388440931979020687,
            "threshold": 67
        },
        {
            "weight": 0.016694823900357359109,
            "threshold": 56
        },
        {
            "weight": 0.013518069302151087749,
            "threshold": 42
        },
        {
            "weight": 0.014960952244685179688,
            "threshold": 67
        },
        {
            "weight": 0.016482079048817474543,
            "threshold": 67
        },
        {
            "weight": 0.014624264475358916826,
            "threshold": 66
        },
        {
            "weight": 0.01315879324362962885,
            "threshold": 63
        },
        {
            "weight": 0.016331977961439515801,
            "threshold": 53
        },
        {
            "weight": 0.016669241724474766209,
            "threshold": 60
        },
        {
            "weight": 0.016039293974898005679,
            "threshold": 55
        },
        {
            "weight": 0.017955037766921526365,
            "threshold": 71
        },
        {
            "weight": 0.015256058445757992442,
            "threshold": 55
        },
        {
            "weight": 0.014428017318384068687,
            "threshold": 63
        },
        {
            "weight": 0.014508193036290454106,
            "threshold": 64
        },
        {
            "weight": 0.014758236580604461308,
            "threshold": 58
        },
        {
            "weight": 0.017131928016342893445,
            "threshold": 71
        },
        {
            "weight": 0.013937423069418714699,
            "threshold": 57
        },
        {
            "weight": 0.014224728085215300813,
            "threshold": 56
        },
        {
            "weight": 0.010994515579647071504,
            "threshold": 63
        },
        {
            "weight": 0.013449178849528562948,
            "threshold": 52
        },
        {
            "weight": 0.010735055590065033584,
            "threshold": 75
        },
        {
            "weight": 0.01061077715773731979,
            "threshold": 65
        },
        {
            "weight": 0.011139953623670140886,
            "threshold": 78
        },
        {
            "weight": 0.014113985932364812859,
            "threshold": 53
        },
        {
            "weight": 0.0094279059036544970301,
            "threshold": 70
        },
        {
            "weight": 0.011867908469324311982,
            "threshold": 65
        },
        {
            "weight": 0.010779712392226416598,
            "threshold": 76
        },
        {
            "weight": 0.012036362977966548124,
            "threshold": 81
        },
        {
            "weight": 0.013971660636976794556,
            "threshold": 67
        },
        {
            "weight": 0.01271738099371905531,
            "threshold": 56
        },
        {
            "weight": 0.012786948790404394083,
            "threshold": 66
        },
        {
            "weight": 0.011132661133524849456,
            "threshold": 55
        },
        {
            "weight": 0.012277921969309539552,
            "threshold": 73
        },
        {
            "weight": 0.013206419555795184673,
            "threshold": 64
        },
        {
            "weight": 0.010388193336856810234,
            "threshold": 76
        },
        {
            "weight": 0.013176016272437935523,
            "threshold": 74
        },
        {
            "weight": 0.011227272511543193168,
            "threshold": 70
        },
        {
            "weight": 0.010731814108698110519,
            "threshold": 84
        },
        {
            "weight": 0.009642081643618726286,
            "threshold": 60
        }
    ]
}
