{
    "descriptors": {
        "descriptor_size": 37,
        "descriptors_path": "gbr_drvlic_type1_front_common_1.bst.desc"
    },
    "boosting_params": [
        {
            "weight": 0.050424466963212954962,
            "threshold": 65
        },
        {
            "weight": 0.044161309999965946138,
            "threshold": 68
        },
        {
            "weight": 0.035969471986549719777,
            "threshold": 64
        },
        {
            "weight": 0.038506732636676435644,
            "threshold": 51
        },
        {
            "weight": 0.030326826976418152365,
            "threshold": 62
        },
        {
            "weight": 0.031077611109456691751,
            "threshold": 75
        },
        {
            "weight": 0.028203330469332186375,
            "threshold": 68
        },
        {
            "weight": 0.024536700330153725369,
            "threshold": 69
        },
        {
            "weight": 0.026610497134577287132,
            "threshold": 70
        },
        {
            "weight": 0.024403844762381846079,
            "threshold": 62
        },
        {
            "weight": 0.028189663768394532251,
            "threshold": 65
        },
        {
            "weight": 0.022729772981406513865,
            "threshold": 60
        },
        {
            "weight": 0.020032152787757620538,
            "threshold": 75
        },
        {
            "weight": 0.019672156704871414379,
            "threshold": 62
        },
        {
            "weight": 0.019292968243708717019,
            "threshold": 54
        },
        {
            "weight": 0.023023353852159138266,
            "threshold": 73
        },
        {
            "weight": 0.017072401300123371537,
            "threshold": 76
        },
        {
            "weight": 0.015071445996953201571,
            "threshold": 49
        },
        {
            "weight": 0.019884180918478142064,
            "threshold": 59
        },
        {
            "weight": 0.014906767108048909684,
            "threshold": 68
        },
        {
            "weight": 0.013752701449752550295,
            "threshold": 88
        },
        {
            "weight": 0.013235464043820453078,
            "threshold": 59
        },
        {
            "weight": 0.01447566629811214596,
            "threshold": 68
        },
        {
            "weight": 0.014889434308838003784,
            "threshold": 59
        },
        {
            "weight": 0.012485570520232346439,
            "threshold": 68
        },
        {
            "weight": 0.01441607920270383987,
            "threshold": 81
        },
        {
            "weight": 0.0136932496158127439,
            "threshold": 62
        },
        {
            "weight": 0.011559121331314326994,
            "threshold": 70
        },
        {
            "weight": 0.01248312980761967679,
            "threshold": 67
        },
        {
            "weight": 0.011306347155720939193,
            "threshold": 79
        },
        {
            "weight": 0.011457898123517617356,
            "threshold": 72
        },
        {
            "weight": 0.011365141004015822876,
            "threshold": 93
        },
        {
            "weight": 0.013626168747508417278,
            "threshold": 52
        },
        {
            "weight": 0.012843878073476677412,
            "threshold": 69
        },
        {
            "weight": 0.010336126593163724036,
            "threshold": 95
        },
        {
            "weight": 0.010778676466821726296,
            "threshold": 75
        },
        {
            "weight": 0.011627519032728534515,
            "threshold": 53
        },
        {
            "weight": 0.012822712611892756948,
            "threshold": 50
        },
        {
            "weight": 0.011034434864721869712,
            "threshold": 84
        },
        {
            "weight": 0.0098342437290218041868,
            "threshold": 64
        },
        {
            "weight": 0.011524900867732669821,
            "threshold": 94
        },
        {
            "weight": 0.010369712093754111792,
            "threshold": 74
        },
        {
            "weight": 0.0099743498106424910432,
            "threshold": 62
        },
        {
            "weight": 0.011353772023386729875,
            "threshold": 93
        },
        {
            "weight": 0.0099876368903426774454,
            "threshold": 67
        },
        {
            "weight": 0.01109693264318967719,
            "threshold": 54
        },
        {
            "weight": 0.010904049468752043117,
            "threshold": 60
        },
        {
            "weight": 0.0088079445174185245354,
            "threshold": 73
        },
        {
            "weight": 0.010619569446207580143,
            "threshold": 63
        },
        {
            "weight": 0.0098727058693367248515,
            "threshold": 74
        },
        {
            "weight": 0.0096918213870732239368,
            "threshold": 76
        },
        {
            "weight": 0.0094452567823640250916,
            "threshold": 76
        },
        {
            "weight": 0.0076276612637727822519,
            "threshold": 81
        },
        {
            "weight": 0.0064469110129368248363,
            "threshold": 69
        },
        {
            "weight": 0.010918535773596556651,
            "threshold": 62
        },
        {
            "weight": 0.0077899691696904048432,
            "threshold": 72
        },
        {
            "weight": 0.0088741462507959580769,
            "threshold": 73
        },
        {
            "weight": 0.0074706644240444446473,
            "threshold": 57
        },
        {
            "weight": 0.0089655464824328762186,
            "threshold": 62
        },
        {
            "weight": 0.0074806198627787676841,
            "threshold": 62
        },
        {
            "weight": 0.0077358998707746295595,
            "threshold": 74
        },
        {
            "weight": 0.0068221020304115084082,
            "threshold": 71
        },
        {
            "weight": 0.0069308481690799131347,
            "threshold": 77
        },
        {
            "weight": 0.0071692248780621421755,
            "threshold": 58
        }
    ]
}
