{
  "bra.medcard.unimed.type1": {
    "(documentation)": {
      "description": "Brazilian Medcard (Emblem of Unimed on the top right)", 
      "name": "Brazilian Medcard"
    }, 
    "output_fields": [
      "number", 
      "data_de_nascimento", 
      "natureza_da_contratacao", 
      "acomodacao", 
      "validade", 
      "nome_do_beneficiario", 
      "rede_de_atendimento", 
      "atend", 
      "plano_regulamentado", 
      "abrangencia", 
      "via", 
      "cobertura_parcial_temporaria", 
      "contratante"
    ], 
    "postprocessors": [
      {
        "input_fields": ["natureza_da_contratacao"], 
        "postprocessor": "postprocessors/eng_letters_digits_spaces_alphabet_postprocessor.json"
      }, 
      {
        "input_fields": ["acomodacao"], 
        "postprocessor": ":/postprocessor/alphabet/eng_letters_alphabet_postprocessor.json"
      }, 
      {
        "input_fields": ["nome_do_beneficiario"], 
        "postprocessor": ":/postprocessor/alphabet/eng_letters_alphabet_postprocessor.json"
      }, 
      {
        "input_fields": ["rede_de_atendimento"], 
        "postprocessor": "postprocessors/eng_letters_digits_spaces_alphabet_postprocessor.json"
      }, 
      {
        "input_fields": ["atend"], 
        "postprocessor": ":/postprocessor/alphabet/digits_only_alphabet_postprocessor.json"
      }, 
      {
        "input_fields": ["plano_regulamentado"], 
        "postprocessor": ":/postprocessor/alphabet/eng_letters_alphabet_postprocessor.json"
      }, 
      {
        "input_fields": ["abrangencia"], 
        "postprocessor": ":/postprocessor/alphabet/eng_letters_alphabet_postprocessor.json"
      }, 
      {
        "input_fields": ["data_de_nascimento"], 
        "postprocessor": ":/postprocessor/date/default_birth_date_DDMMYYYY_postprocessor.json"
      }, 
      {
        "input_fields": ["validade"], 
        "postprocessor": ":/postprocessor/date/default_expiry_date_DDMMYYYY_postprocessor.json"
      }, 
      {
        "input_fields": ["via"], 
        "postprocessor": ":/postprocessor/alphabet/digits_only_alphabet_postprocessor.json"
      }, 
      {
        "input_fields": ["cobertura_parcial_temporaria"], 
        "postprocessor": ":/postprocessor/alphabet/eng_letters_alphabet_postprocessor.json"
      }, 
      {
        "input_fields": ["contratante"], 
        "postprocessor": ":/postprocessor/alphabet/eng_letters_alphabet_postprocessor.json"
      }
    ], 
    "rejectors": {"__default__": ":/rejector/default_agressive_rejector.json"}, 
    "templates": {
      "bra.medcard.unimed.type1:front": {
        "path": "tpl__bra.medcard.unimed.type1.front.json"
      }
    }
  }
}