{
  "bra.rp.type1": {
    "(documentation)": {
      "description": "Brazilian ID Card (Brazilian emblem on hte background, new type)", 
      "name": "Brazilian ID Card"
    },
    "expected_templates": [],
    "output_fields": [
      "rne_number",
      "classification",
      "expiry_date",
      "name",
      "membership",
      "nationality",
      "birth_place",
      "authority",
      "gender",
      "birth_date",
      "issue_date",
      "via",
      "shipping_date"
    ], 
    "postprocessors": [
      {
        "input_fields": ["rne_number"], 
        "postprocessor": "postprocessors/rne_number_postprocessor.json"
      },
      {
        "input_fields": [
          "birth_date"
        ], 
        "postprocessor": ":/postprocessor/date/default_birth_date_DDMMYYYY_postprocessor.json"
      }, 
      {
        "input_fields": [
          "issue_date"
        ], 
        "postprocessor": ":/postprocessor/date/default_issue_date_DDMMYYYY_postprocessor.json"
      }, 
      {
        "input_fields": [
          "shipping_date"
        ], 
        "postprocessor": ":/postprocessor/date/default_issue_date_DDMMYYYY_postprocessor.json"
      }, 
      {
        "input_fields": [
          "expiry_date"
        ], 
        "postprocessor": ":/postprocessor/date/default_expiry_date_DDMMYYYY_postprocessor.json"
      },
      {
        "input_fields": [
          "gender"
        ], 
        "postprocessor": ":/postprocessor/dict/M_F.json"
      }
    ], 
    "rejectors": {"__default__": ":/rejector/default_agressive_rejector.json"}, 
    "templates": {
      "bra.rp.type1:front": {"path": "tpl__bra.rp.type1.front.json"}
    }
  }
}
