{
  "bra.id.type1": {
    "(documentation)": {
      "description": "Brazilian ID Card (Brazilian emblem on hte background, new type)", 
      "name": "Brazilian ID Card"
    },
    "expected_templates": [],
    "output_fields": [
      "number2", 
      "registro_geral", 
      "data_de_expedicao", 
      "data_de_nascimento", 
      "nome", 
      "filiacao_line1", 
      "filiacao_line2", 
      "naturalidade", 
      "doc_origem", 
      "CPF", 
      "signature", 
      "photo", 
      "assinatura_do_titular"
    ], 
    "postprocessors": [
      {
        "input_fields": ["CPF"], 
        "postprocessor": "postprocessors/cpf_id_postprocessor.json"
      },
      {
        "input_fields": ["data_de_nascimento"], 
        "postprocessor": ":/postprocessor/date/default_birth_date_DDMMYYYY_postprocessor.json"
      }, 
      {
        "input_fields": ["data_de_expedicao"], 
        "postprocessor": ":/postprocessor/date/default_issue_date_DDMMYYYY_postprocessor.json"
      }, 
      {
        "input_fields": ["registro_geral"], 
        "postprocessor": "postprocessors/registro_geral_postprocessor_id.json"
      }
    ], 
    "rejectors": {"__default__": ":/rejector/default_agressive_rejector.json"}, 
    "templates": {
      "bra.id.type1:back": {"path": "tpl__bra.id.type1.back.json"}, 
      "bra.id.type1:front": {"path": "tpl__bra.id.type1.front.json"}
    }
  }
}
