{
  "bra.passport.type1": {
    "(documentation)": {
      "description": "Brazilian Passport (Brazil on hte background, main page)", 
      "name": "Brazilian Passport"
    }, 
    "expected_templates": [], 
    "forensic_fields": [
      "check_dates", 
      "check_number", 
      "check_last_name", 
      "check_name", 
      "check_gender", 
      "check_birth_date", 
      "check_expiry_date", 
      "check_cd_composite_mrz", 
      "check_cd_number_mrz", 
      "check_cd_birth_date_mrz", 
      "check_cd_opt_data_2_mrz", 
      "check_cd_expiry_date_mrz"
    ], 
    "output_fields": [
      "photo", 
      "mrz_doc_type_code", 
      "mrz_birth_date", 
      "mrz_expiry_date", 
      "mrz_number", 
      "mrz_name", 
      "mrz_issuer", 
      "mrz_nationality", 
      "mrz_opt_data_2", 
      "mrz_last_name", 
      "mrz_line1", 
      "mrz_line2", 
      "full_mrz", 
      "mrz_gender", 
      "name", 
      "type", 
      "last_name", 
      "birth_date", 
      "number", 
      "gender", 
      "birth_place", 
      "issue_date", 
      "expiry_date", 
      "authority", 
      "nationality"
    ], 
    "postprocessors": [
      ":/postprocessor/mrz/mrz_postprocessor_slot.json", 
      ":/postprocessor/mrz/mrz_convention_renaming_slot_notype.json", 
      {
        "input_fields": ["type"], 
        "postprocessor": ":/postprocessor/dict/passport_type_postprocessor.json"
      }, 
      {
        "input_fields": ["number"], 
        "postprocessor": "postprocessors/bra_number_posprocessor.json"
      }, 
      {
        "input_fields": ["birth_date"], 
        "postprocessor": ":/postprocessor/date/default_birth_date_DDMMYYYY_postprocessor.json"
      }, 
      {
        "input_fields": ["issue_date"], 
        "postprocessor": ":/postprocessor/date/default_issue_date_DDMMYYYY_postprocessor.json"
      }, 
      {
        "input_fields": ["expiry_date"], 
        "postprocessor": ":/postprocessor/date/default_expiry_date_DDMMYYYY_postprocessor.json"
      }, 
      {"input_fields": ["gender"], "postprocessor": ":/postprocessor/dict/M_F.json"},
      ":/postprocessor/check_dates_postprocessor_slot.json", 
      ":/postprocessor/passport_check_mrz_fields_postprocessor_slot.json"
    ], 
    "rejectors": {"__default__": ":/rejector/default_loyal_rejector.json"}, 
    "templates": {
      "bra.passport.type1:main": {"path": "tpl__bra.passport.type1.main.json"}
    }
  }
}