{
  "bra.re_license.type1": {
    "(documentation)": {
      "description": "Brazilian Real Estate License (Brazilian emblem on the top-left corner, back; hummingbird in the middle, front)", 
      "name": "Brazilian Real Estate License"
    }, 
    "expected_templates": [], 
    "output_fields": [
      "number", 
      "nome", 
      "filiacao_line1", 
      "filiacao_line2", 
      "CPF", 
      "validade", 
      "data_de_inscricao_no_CRECI", 
      "data_de_nascimento", 
      "Insc_no_CRECI", 
      "photo", 
      "naturalidade"
    ], 
    "postprocessors": [
      {
        "input_fields": ["number"], 
        "postprocessor": ":/postprocessor/alphabet/digits_only_number_7_postprocessor.json"
      }, 
      {
        "input_fields": ["validade"], 
        "postprocessor": ":/postprocessor/date/default_expiry_date_DDMMYYYY_postprocessor.json"
      }, 
      {
        "input_fields": ["nome"], 
        "postprocessor": ":/postprocessor/dummy_postprocessor.json"
      }, 
      {
        "input_fields": ["data_de_inscricao_no_CRECI"], 
        "postprocessor": ":/postprocessor/date/default_issue_date_DDMMYYYY_postprocessor.json"
      }, 
      {
        "input_fields": ["CPF"], 
        "postprocessor": "postprocessors/cpf_postprocessor.json"
      }, 
      {
        "input_fields": ["Insc_no_CRECI"], 
        "postprocessor": ":/postprocessor/alphabet/digits_only_number_5_postprocessor.json"
      }, 
      {
        "input_fields": ["data_de_nascimento"], 
        "postprocessor": ":/postprocessor/date/default_birth_date_DDMMYYYY_postprocessor.json"
      }
    ], 
    "rejectors": {
      "CPF": ":/rejector/default_loyal_rejector.json", 
      "Insc_no_CRECI": ":/rejector/default_loyal_rejector.json", 
      "__default__": ":/rejector/default_agressive_rejector.json", 
      "nome": ":/rejector/default_loyal_rejector.json", 
      "number": ":/rejector/default_loyal_rejector.json", 
      "validade": ":/rejector/default_loyal_rejector.json"
    }, 
    "templates": {
      "bra.re_license.type1:back": {
        "path": "tpl__bra.re_license.type1.back_license.type1.json"
      }, 
      "bra.re_license.type1:front": {
        "path": "tpl__bra.re_license.type1.front_license.type1.json"
      }
    }
  }
}