{
  "bra.drvlic.type1": {
    "(documentation)": {
      "description": "Brazilian Driving License (Brazilian emblem in the top-left corner, front; green background, back)", 
      "name": "Brazilian Driving License"
    }, 
    "expected_templates": [], 
    "output_fields": [
      "number", 
      "file_number", 
      "number_back", 
      "name", 
      "birth_date", 
      "issue_date", 
      "expiry_date", 
      "habilitacao", 
      "id_number", 
      "CPF", 
      "photo", 
      "parents", 
      "lic_number", 
      "org_emissor", 
      "UF", 
      "categories", 
      "acc", 
      "address", 
      "signature", 
      "org_emissor_and_UF"
    ], 
    "postprocessors": [
      {
        "input_fields": ["name"], 
        "postprocessor": ":/postprocessor/alphabet/prt_letters_alphabet_postprocessor.json"
      }, 
      {
        "input_fields": ["UF"], 
        "postprocessor": ":/postprocessor/alphabet/prt_letters_alphabet_postprocessor.json"
      }, 
      {
        "input_fields": ["parents_line1"], 
        "postprocessor": ":/postprocessor/alphabet/prt_letters_alphabet_postprocessor.json"
      }, 
      {
        "input_fields": ["parents_line2"], 
        "postprocessor": ":/postprocessor/alphabet/prt_letters_alphabet_postprocessor.json"
      }, 
      {
        "input_fields": ["doc_identidade"], 
        "postprocessor": ":/postprocessor/alphabet/digits_only_alphabet_postprocessor.json"
      }, 
      {
        "input_fields": ["birth_date"], 
        "postprocessor": ":/postprocessor/date/default_birth_date_DDMMYYYY_postprocessor.json"
      }, 
      {
        "input_fields": ["habilitacao"], 
        "postprocessor": ":/postprocessor/date/default_issue_date_DDMMYYYY_postprocessor.json"
      }, 
      {
        "input_fields": ["issue_date"], 
        "postprocessor": ":/postprocessor/date/default_issue_date_DDMMYYYY_postprocessor.json"
      }, 
      {
        "input_fields": ["lic_number"], 
        "postprocessor": ":/postprocessor/alphabet/digits_only_number_11_postprocessor.json"
      }, 
      {
        "input_fields": ["CPF"], 
        "postprocessor": "postprocessors/cpf_postprocessor.json"
      }, 
      {
        "input_fields": ["file_number"], 
        "postprocessor": "postprocessors/file_number_postprocessor.json"
      }, 
      {
        "input_fields": ["categories"], 
        "postprocessor": ":/postprocessor/alphabet/prt_letters_alphabet_postprocessor.json"
      }, 
      {
        "input_fields": ["expiry_date"], 
        "postprocessor": ":/postprocessor/date/default_expiry_date_DDMMYYYY_postprocessor.json"
      }, 
      {
        "allow_incomplete_inputs": true, 
        "formatter": {
          "settings": {
            "input_fields_sequence": ["parents_line1", "parents_line2"], 
            "output_field": "parents", 
            "separator": ", "
          }, 
          "type": "merge"
        }, 
        "input_fields": ["parents_line1", "parents_line2"], 
        "output_fields": ["parents"]
      }, 
      {
        "allow_incomplete_inputs": true, 
        "input_fields": ["org_emissor", "UF"], 
        "output_fields": ["org_emissor_and_UF"], 
        "postprocessor": {
          "settings": {
            "input_fields_sequence": ["org_emissor", "UF"], 
            "output_field": "org_emissor_and_UF", 
            "separator": " "
          }, 
          "type": "merge"
        }
      }
    ], 
    "rejectors": {"__default__": ":/rejector/default_agressive_rejector.json"}, 
    "templates": {
      "bra.drvlic.type1:back": {"path": "tpl__bra.drvlic.type1.back.json"}, 
      "bra.drvlic.type1:front": {"path": "tpl__bra.drvlic.type1.front.json"}
    }
  }
}