{
  "bra.vrc.type1": {
    "(documentation)": {
      "description": "Brazilian Vehicle Registration Certificate (green background)",
      "name": "BBrazilian Vehicle Registration Certificate"
    },
    "expected_templates": [],
    "output_fields": [
      "number",
      "model",
      "renavam",
      "exercicio",
      "placa",
      "chassi",
      "combustivel"
    ],
    "postprocessors": [],
    "rejectors": {
      "__default__": ":/rejector/default_agressive_rejector.json"
    },
    "templates": {
      "bra.vrc.type1:main": {
        "path": "tpl__bra.vrc.type1.main.json"
      }
    }
  }
}