{
  "bra.id.type2:front": {
    "config": "templates/bra.id.type1.back.common.json",
    "expected_fields": ["nome"],
    "fields": {
      "CPF": {
        "scale": 2.0,
        "workflow": {
          "settings": {
            "custom_alphabet": "0123456789 -/.",
            "recstr": ":/recstr/001__n0004_recstr.json"
          },
          "type": "common"
        }
      },
      "data_de_expedicao": {
        "scale": 2.0,
        "workflow": {
          "settings": {
            "custom_alphabet": "0123456789 .-/",
            "recstr": ":/recstr/001__n0028_recstr.json"
          },
          "type": "common"
        }
      },
      "data_de_nascimento": {
        "scale": 2.0,
        "workflow": {
          "settings": {
            "custom_alphabet": "0123456789 .-/",
            "recstr": ":/recstr/app_001_ocrblike_spacing.json"
          },
          "type": "common"
        }
      },
      "doc_origem_1_line": {
        "scale": 1.7,
        "workflow": {
          "settings": {
            "custom_alphabet": "ABCDEFGHIJKLMNOPQRSTUVWXYZ\u00c1\u00c2\u00c3\u00c0\u00c7\u00c9\u00ca\u00cd\u00d3\u00d4\u00d5\u00da -.,/'\\\"123456789",
            "recstr": ":/recstr/111_eu_n0133_recstr.json"
          },
          "type": "common"
        }
      },
      "doc_origem_2_line": {
        "scale": 1.7,
        "workflow": {
          "settings": {
            "custom_alphabet": "ABCDEFGHIJKLMNOPQRSTUVWXYZ\u00c1\u00c2\u00c3\u00c0\u00c7\u00c9\u00ca\u00cd\u00d3\u00d4\u00d5\u00da -.,/'\\\"123456789",
            "recstr": ":/recstr/111_eu_n0099_recstr.json"
          },
          "type": "common"
        }
      },
      "doc_origem_3_line": {
        "scale": 1.7,
        "workflow": {
          "settings": {
            "custom_alphabet": "ABCDEFGHIJKLMNOPQRSTUVWXYZ\u00c1\u00c2\u00c3\u00c0\u00c7\u00c9\u00ca\u00cd\u00d3\u00d4\u00d5\u00da -.,/'\\\"123456789",
            "recstr": ":/recstr/111_eu_n0099_recstr.json"
          },
          "type": "common"
        }
      },
      "filiacao_line1a": {
        "scale": 2.3,
        "workflow": {
          "settings": {
            "custom_alphabet": "ABCDEFGHIJKLMNOPQRSTUVWXYZ -.",
            "recstr": ":/recstr/111_eu_n0086_recstr.json"
          },
          "type": "common"
        }
      },
      "filiacao_line1b": {
        "scale": 2.3,
        "workflow": {
          "settings": {
            "custom_alphabet": "ABCDEFGHIJKLMNOPQRSTUVWXYZ -.",
            "recstr": ":/recstr/111_eu_n0287_recstr.json"
          },
          "type": "common"
        }
      },
      "filiacao_line2a": {
        "scale": 2.3,
        "workflow": {
          "settings": {
            "custom_alphabet": "ABCDEFGHIJKLMNOPQRSTUVWXYZ -.",
            "recstr": ":/recstr/111_eu_n0086_recstr.json"
          },
          "type": "common"
        }
      },
      "filiacao_line2b": {
        "scale": 2.3,
        "workflow": {
          "settings": {
            "custom_alphabet": "ABCDEFGHIJKLMNOPQRSTUVWXYZ -.",
            "recstr": ":/recstr/111_eu_n0099_recstr.json"
          },
          "type": "common"
        }
      },
      "naturalidade": {
        "scale": 2.5,
        "workflow": {
          "settings": {
            "custom_alphabet": "ABCDEFGHIJKLMNOPQRSTUVWXYZ -.",
            "recstr": ":/recstr/111_eu_n0114_recstr.json"
          },
          "type": "common"
        }
      },
      "nome": {
        "scale": 1.9,
        "workflow": {
          "settings": {
            "custom_alphabet": "ABCDEFGHIJKLMNOPQRSTUVWXYZ -.",
            "recstr": ":/recstr/111_eu_n0133_recstr.json"
          },
          "type": "common"
        }
      },
      "number2": {
        "scale": 2.0,
        "workflow": {
          "settings": {
            "custom_alphabet": "0123456789 -/.",
            "recstr": ":/recstr/001__n0019_recstr.json"
          },
          "type": "common"
        }
      },
      "porto_alegre": {
        "scale": 1.7,
        "workflow": {
          "settings": {
            "custom_alphabet": "ABCDEFGHIJKLMNOPQRSTUVWXYZ\u00c1\u00c2\u00c3\u00c0\u00c7\u00c9\u00ca\u00cd\u00d3\u00d4\u00d5\u00da -.,/'\\\"123456789",
            "recstr": ":/recstr/111_eu_n0404_recstr.json"
          },
          "type": "common"
        }
      },
      "registro_geral": {
        "scale": 1.9,
        "workflow": {
          "settings": {
            "custom_alphabet": "0123456789 .-",
            "recstr": ":/recstr/001__n0004_recstr.json"
          },
          "type": "common"
        }
      },
      "signature": {"workflow": {"settings": {}, "type": "image"}}
    },
    "formatters": [
      {
        "allow_incomplete_inputs": true,
        "formatter": {
          "settings": {
            "input_fields_sequence": [
              "doc_origem_1_line",
              "doc_origem_2_line",
              "doc_origem_3_line"
            ],
            "output_field": "doc_origem",
            "separator": " "
          },
          "type": "merge"
        },
        "input_fields": ["doc_origem_1_line", "doc_origem_2_line", "doc_origem_3_line"],
        "output_fields": ["doc_origem"]
      },
      {
        "allow_incomplete_inputs": true,
        "formatter": {
          "settings": {
            "input_fields_sequence": ["filiacao_line1a", "filiacao_line1b"],
            "output_field": "filiacao_line1",
            "separator": " "
          },
          "type": "merge"
        },
        "input_fields": ["filiacao_line1a", "filiacao_line1b"],
        "output_fields": ["filiacao_line1"]
      },
      {
        "allow_incomplete_inputs": true,
        "formatter": {
          "settings": {
            "input_fields_sequence": ["filiacao_line2a", "filiacao_line2b"],
            "output_field": "filiacao_line2",
            "separator": " "
          },
          "type": "merge"
        },
        "input_fields": ["filiacao_line2a", "filiacao_line2b"],
        "output_fields": ["filiacao_line2"]
      },
      {"formatter": ":/postprocessor/spaces_filter.json", "input_fields": ["CPF"]},
      {
        "formatter": "postprocessors/id_registro_geral_filter.json",
        "input_fields": ["registro_geral"]
      },
      {"formatter": ":/postprocessor/spaces_filter.json", "input_fields": ["number2"]},
      {
        "formatter": "postprocessors/data_de_nascimento_formatter.json",
        "input_fields": ["data_de_nascimento"]
      },
      {
        "formatter": "postprocessors/data_de_nascimento_formatter.json",
        "input_fields": ["data_de_expedicao"]
      }
    ],
    "image_integrators": {"__default__": ":/integrator/default_image_integrator.json"},
    "integrators": {
      "__default__": ":/integrator/default_rover_integrator.json",
      "data_de_expedicao": ":/integrator/default_token_integrator.json",
      "data_de_nascimento": ":/integrator/default_token_integrator.json"
    },
    "size": [856, 540],
    "zones": {
      "CPF_zone": {
        "rect": [50, 387, 274, 106],
        "workflow": {
          "settings": {"vertsgm": "vertsgm/id_type2_cpf_zone.json"},
          "type": "common"
        }
      },
      "main_zone": {
        "rect": [54, 47, 757, 344],
        "workflow": {
          "settings": {"vertsgm": "vertsgm/id_type2_main_zone.json"},
          "type": "common"
        }
      },
      "number2_zone": {
        "rect": [600, 417, 209, 73],
        "workflow": {
          "settings": {"vertsgm": "vertsgm/id_type1_number2_zone.json"},
          "type": "common"
        }
      },
      "signature": {
        "rect": [325, 381, 227, 109],
        "workflow": ":/signature_retriever/signature_retriever.json"
      }
    }
  }
}