{
  "bra.re_license.type1:back": {
    "config": "templates/bra.re_license.type1.back.common.json",
    "expected_fields": [
      "nome"
    ],
    "fields": {
      "CPF": {
        "scale": 2.0,
        "workflow": {
          "settings": {
            "custom_alphabet": "0123456789 .-",
            "deshearer": ":/mixangler/dummy_deshearer.json",
            "recstr": ":/recstr/001__n0073_recstr.json"
          },
          "type": "common"
        }
      },
      "Insc_no_CRECI": {
        "scale": 2.0,
        "workflow": {
          "settings": {
            "custom_alphabet": "0123456789 .-",
            "deshearer": ":/mixangler/dummy_deshearer.json",
            "recstr": ":/recstr/001__n0073_recstr.json"
          },
          "type": "common"
        }
      },
      "data_de_inscricao_no_CRECI": {
        "scale": 2.0,
        "workflow": {
          "settings": {
            "custom_alphabet": "0123456789 .-/",
            "deshearer": ":/mixangler/dummy_deshearer.json",
            "recstr": ":/recstr/001__n0076_recstr.json"
          },
          "type": "common"
        }
      },
      "data_de_nascimento": {
        "scale": 2.0,
        "workflow": {
          "settings": {
            "custom_alphabet": "0123456789 .-/",
            "deshearer": ":/mixangler/dummy_deshearer.json",
            "recstr": ":/recstr/001__n0076_recstr.json"
          },
          "type": "common"
        }
      },
      "filiacao_line1": {
        "scale": 2.0,
        "workflow": {
          "settings": {
            "custom_alphabet": "ABCDEFGHIJKLMNOPQRSTUVWXYZ -",
            "deshearer": ":/mixangler/dummy_deshearer.json",
            "recstr": ":/recstr/111_eu_n0014_recstr.json"
          },
          "type": "common"
        }
      },
      "filiacao_line2": {
        "scale": 2.0,
        "workflow": {
          "settings": {
            "custom_alphabet": "ABCDEFGHIJKLMNOPQRSTUVWXYZ -",
            "deshearer": ":/mixangler/dummy_deshearer.json",
            "recstr": ":/recstr/111_eu_n0014_recstr.json"
          },
          "type": "common"
        }
      },
      "naturalidade": {
        "scale": 1.7,
        "workflow": {
          "settings": {
            "custom_alphabet": "ABCDEFGHIJKLMNOPQRSTUVWXYZ -",
            "deshearer": ":/mixangler/dummy_deshearer.json",
            "recstr": ":/recstr/111_eu_n0014_recstr.json"
          },
          "type": "common"
        }
      },
      "nome": {
        "scale": 2.0,
        "workflow": {
          "settings": {
            "custom_alphabet": "ABCDEFGHIJKLMNOPQRSTUVWXYZ -",
            "deshearer": ":/mixangler/dummy_deshearer.json",
            "recstr": ":/recstr/111_eu_n0014_recstr.json"
          },
          "type": "common"
        }
      }
    },
    "formatters": [
      {
        "formatter": ":/postprocessor/dummy_postprocessor.json",
        "input_fields": [
          "nome"
        ]
      },
      {
        "formatter": ":/postprocessor/dummy_postprocessor.json",
        "input_fields": [
          "filiacao_line1"
        ]
      },
      {
        "formatter": ":/postprocessor/dummy_postprocessor.json",
        "input_fields": [
          "filiacao_line2"
        ]
      },
      {
        "formatter": ":/postprocessor/dummy_postprocessor.json",
        "input_fields": [
          "CPF"
        ]
      },
      {
        "formatter": ":/postprocessor/dummy_postprocessor.json",
        "input_fields": [
          "naturalidade"
        ]
      },
      {
        "formatter": ":/postprocessor/alphabet/digits_only_alphabet_postprocessor.json",
        "input_fields": [
          "Insc_no_CRECI"
        ]
      },
      {
        "formatter": ":/postprocessor/date/default_issue_date_DDMMYYYY_formatter.json",
        "input_fields": [
          "data_de_inscricao_no_CRECI"
        ]
      },
      {
        "formatter": ":/postprocessor/date/default_birth_date_DDMMYYYY_formatter.json",
        "input_fields": [
          "data_de_nascimento"
        ]
      }
    ],
    "image_integrators": {
      "__default__": ":/integrator/default_image_integrator.json"
    },
    "integrators": {
      "__default__": ":/integrator/default_rover_integrator.json",
      "data_de_inscricao_no_CRECI": ":/integrator/default_token_integrator.json",
      "data_de_nascimento": ":/integrator/default_token_integrator.json"
    },
    "size": [
      856,
      540
    ],
    "zones": {
      "Insc_zone": {
        "rect": [
          670,
          100,
          140,
          60
        ],
        "workflow": {
          "settings": {
            "vertsgm": "vertsgm/re_license_type1_insc_zone.json"
          },
          "type": "common"
        }
      },
      "date_zone": {
        "rect": [
          550,
          220,
          280,
          200
        ],
        "workflow": {
          "settings": {
            "vertsgm": "vertsgm/re_license_type1_date_zone.json"
          },
          "type": "common"
        }
      },
      "name_zone": {
        "rect": [
          170,
          90,
          500,
          50
        ],
        "workflow": {
          "settings": {
            "vertsgm": "vertsgm/re_license_type1_name_back_zone.json"
          },
          "type": "common"
        }
      },
      "naturalidade_zone": {
        "rect": [
          100,
          210,
          385,
          160
        ],
        "workflow": {
          "settings": {
            "vertsgm": "vertsgm/re_license_type1_naturalidade_zone.json"
          },
          "type": "common"
        }
      },
      "parents_zone": {
        "rect": [
          185,
          150,
          615,
          80
        ],
        "workflow": {
          "settings": {
            "vertsgm": "vertsgm/re_license_type1_parents_zone.json"
          },
          "type": "common"
        }
      }
    }
  }
}