{
  "bra.rp.type1:front": {
    "config": "templates/bra.rp.type1.front.common.json",
    "expected_fields": [
      "nome"
    ],
    "fields": {
      "authority": {
        "scale": 1.9,
        "workflow": {
          "settings": {
            "custom_alphabet": "ABCDEFGHIJKLMNOPQRSTUVWXYZ\u00c1\u00c2\u00c3\u00c0\u00c7\u00c9\u00ca\u00cd\u00d3\u00d4\u00d5\u00da -.,/",
            "recstr": ":/recstr/111_eu_n0191_recstr.json"
          },
          "type": "common"
        }
      },
      "birth_date": {
        "scale": 1.9,
        "workflow": {
          "settings": {
            "custom_alphabet": "0123456789/ ",
            "recstr": ":/recstr/001__n0094_recstr.json"
          },
          "type": "common"
        }
      },
      "birth_place": {
        "scale": 1.9,
        "workflow": {
          "settings": {
            "custom_alphabet": "ABCDEFGHIJKLMNOPQRSTUVWXYZ\u00c1\u00c2\u00c3\u00c0\u00c7\u00c9\u00ca\u00cd\u00d3\u00d4\u00d5\u00da -.,/",
            "recstr": ":/recstr/111_eu_n0191_recstr.json"
          },
          "type": "common"
        }
      },
      "classification": {
        "scale": 1.6,
        "workflow": {
          "settings": {
            "custom_alphabet": "ABCDEFGHIJKLMNOPQRSTUVWXYZ -.,/'\\\"123456789",
            "recstr": ":/recstr/111_eu_n0304_recstr.json"
          },
          "type": "common"
        }
      },
      "expiry_date": {
        "scale": 1.6,
        "workflow": {
          "settings": {
            "custom_alphabet": "0123456789/ ",
            "recstr": ":/recstr/001__n0094_recstr.json"
          },
          "type": "common"
        }
      },
      "gender": {
        "scale": 1.9,
        "workflow": {
          "settings": {
            "custom_alphabet": "ABCDEFGHIJKLMNOPQRSTUVWXYZ\u00c1\u00c2\u00c3\u00c0\u00c7\u00c9\u00ca\u00cd\u00d3\u00d4\u00d5\u00da -.,/",
            "recstr": ":/recstr/111_eu_n0191_recstr.json"
          },
          "type": "common"
        }
      },
      "issue_date": {
        "scale": 1.9,
        "workflow": {
          "settings": {
            "custom_alphabet": "0123456789/ ",
            "recstr": ":/recstr/001__n0094_recstr.json"
          },
          "type": "common"
        }
      },
      "membership0": {
        "scale": 1.9,
        "workflow": {
          "settings": {
            "custom_alphabet": "ABCDEFGHIJKLMNOPQRSTUVWXYZ\u00c1\u00c2\u00c3\u00c0\u00c7\u00c9\u00ca\u00cd\u00d3\u00d4\u00d5\u00da -.,/",
            "recstr": ":/recstr/111_eu_n0191_recstr.json"
          },
          "type": "common"
        }
      },
      "membership1": {
        "scale": 1.9,
        "workflow": {
          "settings": {
            "custom_alphabet": "ABCDEFGHIJKLMNOPQRSTUVWXYZ\u00c1\u00c2\u00c3\u00c0\u00c7\u00c9\u00ca\u00cd\u00d3\u00d4\u00d5\u00da -.,/",
            "recstr": ":/recstr/111_eu_n0191_recstr.json"
          },
          "type": "common"
        }
      },
      "name": {
        "scale": 1.6,
        "workflow": {
          "settings": {
            "custom_alphabet": "ABCDEFGHIJKLMNOPQRSTUVWXYZ\u00c1\u00c2\u00c3\u00c0\u00c7\u00c9\u00ca\u00cd\u00d3\u00d4\u00d5\u00da -.,/",
            "recstr": ":/recstr/111_eu_n0191_recstr.json"
          },
          "type": "common"
        }
      },
      "nationality": {
        "scale": 1.9,
        "workflow": {
          "settings": {
            "custom_alphabet": "ABCDEFGHIJKLMNOPQRSTUVWXYZ\u00c1\u00c2\u00c3\u00c0\u00c7\u00c9\u00ca\u00cd\u00d3\u00d4\u00d5\u00da -.,/",
            "recstr": ":/recstr/111_eu_n0191_recstr.json"
          },
          "type": "common"
        }
      },
      "rne_number": {
        "scale": 1.6,
        "workflow": {
          "settings": {
            "custom_alphabet": "ABCDEFGHIJKLMNOPQRSTUVWXYZ123456789- ",
            "recstr": ":/recstr/111_eu_n0304_recstr.json"
          },
          "type": "common"
        }
      },
      "shipping_date": {
        "scale": 1.9,
        "workflow": {
          "settings": {
            "custom_alphabet": "0123456789/ ",
            "recstr": ":/recstr/001__n0094_recstr.json"
          },
          "type": "common"
        }
      },
      "via": {
        "scale": 1.9,
        "workflow": {
          "settings": {
            "custom_alphabet": "0123456789 ",
            "recstr": ":/recstr/001__n0094_recstr.json"
          },
          "type": "common"
        }
      }
    },
    "formatters": [
      {
        "formatter": ":/postprocessor/date/default_birth_date_DDMMYYYY_formatter.json",
        "input_fields": [
          "birth_date"
        ]
      },
      {
        "formatter": ":/postprocessor/date/default_expiry_date_DDMMYYYY_formatter.json",
        "input_fields": [
          "expiry_date"
        ]
      },
      {
        "formatter": ":/postprocessor/date/default_issue_date_DDMMYYYY_formatter.json",
        "input_fields": [
          "issue_date"
        ]
      },
      {
        "formatter": ":/postprocessor/date/default_issue_date_DDMMYYYY_formatter.json",
        "input_fields": [
          "shipping_date"
        ]
      },
      {
        "allow_incomplete_inputs": true,
        "formatter": {
          "settings": {
            "input_fields_sequence": [
              "membership0",
              "membership1"
            ],
            "output_field": "membership",
            "separator": " "
          },
          "type": "merge"
        },
        "input_fields": [
          "membership0",
          "membership1"
        ],
        "output_fields": [
          "membership"
        ]
      }
    ],
    "image_integrators": {
      "__default__": ":/integrator/default_image_integrator.json"
    },
    "integrators": {
      "__default__": ":/integrator/default_rover_integrator.json",
      "data_de_expedicao": ":/integrator/default_token_integrator.json",
      "data_de_nascimento": ":/integrator/default_token_integrator.json"
    },
    "size": [
      856,
      540
    ],
    "zones": {
      "zone1": {
        "rect": [
          30,
          115,
          810,
          420
        ],
        "workflow": {
          "settings": {
            "vertsgm": "vertsgm/rp_t1_front_data_zone1.json"
          },
          "type": "common"
        }
      },
      "zone2": {
        "rect": [
          430,
          345,
          415,
          190
        ],
        "workflow": {
          "settings": {
            "vertsgm": "vertsgm/rp_t1_front_data_zone2.json"
          },
          "type": "common"
        }
      }
    }
  }
}