{
  "bra.vrc.type1:main": {
    "expected_fields": [
      "number",
      "model"
    ],
    "fields": {
      "number": {
        "scale": 2.0,
        "workflow": {
          "type": "common",
          "settings": {
            "custom_alphabet": "0123456789 ",
            "recstr": ":/recstr/001__n0096_recstr.json"
          }
        }
      },
      "model": {
        "scale": 2.0,
        "workflow": {
          "settings": {
            "processors": [
              "line_eraser_field.json",
              {
                "settings": {
                  "custom_alphabet": "ABCDEFGHIJKLMNOPQRSTUVWXYZ -.,/'\\\"123456789",
                  "recstr": ":/recstr/111_eu_n0072_recstr.json"
                },
                "type": "common"
              }
            ]
          },
          "type": "multi_sequence"
        }
      },
      "renavam": {
        "scale": 2.0,
        "workflow": {
          "settings": {
            "processors": [
              "line_eraser_field.json",
              {
                "settings": {
                  "custom_alphabet": "0123456789- ",
                  "recstr": ":/recstr/001__n0096_recstr.json"
                },
                "type": "common"
              }
            ]
          },
          "type": "multi_sequence"
        }
      },
      "exercicio": {
        "scale": 2.0,
        "workflow": {
          "settings": {
            "processors": [
              "line_eraser_field.json",
              {
                "settings": {
                  "custom_alphabet": "0123456789- ",
                  "recstr": ":/recstr/001__n0096_recstr.json"
                },
                "type": "common"
              }
            ]
          },
          "type": "multi_sequence"
        }
      },
      "placa": {
        "scale": 2.0,
        "workflow": {
          "settings": {
            "processors": [
              "line_eraser_field.json",
              {
                "settings": {
                  "custom_alphabet": "ABCDEFGHIJKLMNOPQRSTUVWXYZ -123456789",
                  "recstr": ":/recstr/111_eu_n0072_recstr.json"
                },
                "type": "common"
              }
            ]
          },
          "type": "multi_sequence"
        }
      },
      "chassi": {
        "scale": 2.0,
        "workflow": {
          "settings": {
            "processors": [
              "line_eraser_field.json",
              {
                "settings": {
                  "custom_alphabet": "ABCDEFGHIJKLMNOPQRSTUVWXYZ -/123456789",
                  "recstr": ":/recstr/111_eu_n0072_recstr.json"
                },
                "type": "common"
              }
            ]
          },
          "type": "multi_sequence"
        }
      },
      "combustivel": {
        "scale": 2.0,
        "workflow": {
          "settings": {
            "processors": [
              "line_eraser_field.json",
              {
                "settings": {
                  "custom_alphabet": "ABCDEFGHIJKLMNOPQRSTUVWXYZ /-",
                  "recstr": ":/recstr/111_eu_n0072_recstr.json"
                },
                "type": "common"
              }
            ]
          },
          "type": "multi_sequence"
        }
      }
    },
    "formatters": [
      {
        "formatter": "postprocessors/vrc_number_postprocessor.json",
        "input_fields": [
          "number"
        ]
      },
      {
        "formatter": "postprocessors/year_postprocessor.json",
        "input_fields": [
          "exercicio"
        ]
      },
      {
        "formatter": ":/postprocessor/punctuation_filter.json",
        "input_fields": [
          "renavam"
        ]
      },
      {
        "formatter": ":/postprocessor/strings_replacer_o0.json",
        "input_fields": [
          "placa"
        ]
      },
      {
        "formatter": ":/postprocessor/punctuation_filter.json",
        "input_fields": [
          "placa"
        ]
      },
      {
        "formatter": ":/postprocessor/punctuation_filter.json",
        "input_fields": [
          "chassi"
        ]
      },
      {
        "formatter": ":/postprocessor/vin_postprocessor.json",
        "input_fields": [
          "chassi"
        ]
      }
    ],
    "zones": {
      "number_zone": {
        "rect": [
          338,
          54,
          212,
          51
        ],
        "workflow": {
          "settings": {
            "extract_field_images": false,
            "img_processor": {
              "settings": {
                "satur_coef": 1.5,
                "suppress_b": true
              },
              "type": "satur_suppress"
            },
            "zone_processor": {
              "settings": {
                "vertsgm": "vertsgm/vrc_type1_number_zone.json"
              },
              "type": "common"
            }
          },
          "type": "with_preprocessing"
        }
      },
      "model_zone": {
        "rect": [
          22,
          429,
          367,
          51
        ],
        "workflow": {
          "type": "multi_sequence",
          "settings": {
            "processors": [
              {
                "type": "line_eraser",
                "settings": {
                  "vlines_length": 15,
                  "hlines_length": 35
                }
              },
              {
                "settings": {
                  "vertsgm": "vertsgm/vrc_type1_model_zone.json"
                },
                "type": "common"
              }
            ]
          }
        }
      },
      "renavam_zone": {
        "rect": [
          111,
          127,
          191,
          44
        ],
        "workflow": {
          "type": "multi_sequence",
          "settings": {
            "processors": [
              {
                "type": "line_eraser",
                "settings": {
                  "vlines_length": 15,
                  "hlines_length": 35
                }
              },
              {
                "settings": {
                  "vertsgm": "vertsgm/vrc_type1_renavam_zone.json"
                },
                "type": "common"
              }
            ]
          }
        }
      },
      "exercicio_zone": {
        "rect": [
          471,
          127,
          76,
          44
        ],
        "workflow": {
          "type": "multi_sequence",
          "settings": {
            "processors": [
              {
                "type": "line_eraser",
                "settings": {
                  "vlines_length": 15,
                  "hlines_length": 35
                }
              },
              {
                "settings": {
                  "vertsgm": "vertsgm/vrc_type1_exercicio_zone.json"
                },
                "type": "common"
              }
            ]
          }
        }
      },
      "placa_zone": {
        "rect": [
          367,
          292,
          177,
          45
        ],
        "workflow": {
          "type": "multi_sequence",
          "settings": {
            "processors": [
              {
                "type": "line_eraser",
                "settings": {
                  "vlines_length": 15,
                  "hlines_length": 35
                }
              },
              {
                "settings": {
                  "vertsgm": "vertsgm/vrc_type1_placa_zone.json"
                },
                "type": "common"
              }
            ]
          }
        }
      },
      "chassi_zone": {
        "rect": [
          233,
          336,
          312,
          48
        ],
        "workflow": {
          "type": "multi_sequence",
          "settings": {
            "processors": [
              {
                "type": "line_eraser",
                "settings": {
                  "vlines_length": 15,
                  "hlines_length": 35
                }
              },
              {
                "settings": {
                  "vertsgm": "vertsgm/vrc_type1_chassi_zone.json"
                },
                "type": "common"
              }
            ]
          }
        }
      },
      "combustivel_zone": {
        "rect": [
          384,
          386,
          166,
          41
        ],
        "workflow": {
          "type": "multi_sequence",
          "settings": {
            "processors": [
              {
                "type": "line_eraser",
                "settings": {
                  "vlines_length": 15,
                  "hlines_length": 35
                }
              },
              {
                "settings": {
                  "vertsgm": "vertsgm/vrc_type1_combustivel_zone.json"
                },
                "type": "common"
              }
            ]
          }
        }
      }
    },
    "integrators": {
      "__default__": ":/integrator/default_rover_integrator.json"
    },
    "image_integrators": {
      "__default__": ":/integrator/default_image_integrator.json"
    },
    "config": "templates/bra.vrc.type1.main.common.json",
    "size": [
      550,
      860
    ]
  }
}