{
  "bra.passport.type2:main": {
    "config": "templates/bra.passport.type2.main.common.json", 
    "expected_fields": ["birth_date", "expiry_date", "issue_date", "full_mrz"], 
    "fields": {
      "authority": {
        "scale": 1.9, 
        "workflow": {
          "settings": {
            "custom_alphabet": "ABCDEFGHIJKLMNOPQRSTUVWXYZ ./", 
            "recstr": ":/recstr/111_eu_n0099_recstr.json"
          }, 
          "type": "common"
        }
      }, 
      "birth_date": {
        "scale": 1.8, 
        "workflow": {
          "settings": {
            "custom_alphabet": "ABCDEFGHIJKLMNOPQRSTUVWXYZ123456789 -/", 
            "recstr": ":/recstr/111_eu_n0099_recstr.json"
          }, 
          "type": "common"
        }
      }, 
      "birth_place": {
        "scale": 1.8, 
        "workflow": {
          "settings": {
            "custom_alphabet": "ABCDEFGHIJKLMNOPQRSTUVWXYZÁÂÃÀÇÉÊÍÓÔÕÚ -.,/", 
            "recstr": ":/recstr/111_eu_n0000_recstr.json"
          }, 
          "type": "common"
        }
      }, 
      "expiry_date": {
        "scale": 1.8, 
        "workflow": {
          "settings": {
            "custom_alphabet": "ABCDEFGHIJKLMNOPQRSTUVWXYZ123456789 -/", 
            "recstr": ":/recstr/111_eu_n0054_recstr.json"
          }, 
          "type": "common"
        }
      }, 
      "gender": {
        "scale": 1.8, 
        "workflow": {
          "settings": {
            "custom_alphabet": "MF ", 
            "recstr": ":/recstr/app_111_eu_regular.json"
          }, 
          "type": "common"
        }
      }, 
      "issue_date": {
        "scale": 1.8, 
        "workflow": {
          "settings": {
            "custom_alphabet": "ABCDEFGHIJKLMNOPQRSTUVWXYZ123456789 -/", 
            "recstr": ":/recstr/111_eu_n0000_recstr.json"
          }, 
          "type": "common"
        }
      }, 
      "last_name": {
        "scale": 1.8, 
        "workflow": {
          "settings": {
            "custom_alphabet": "ABCDEFGHIJKLMNOPQRSTUVWXYZ -.", 
            "recstr": ":/recstr/111_eu_n0390_recstr.json"
          }, 
          "type": "common"
        }
      }, 
      "mrz_line1": {"scale": 1.2, "workflow": ":/mrz-data/mrz_field_workflow.json"}, 
      "mrz_line2": {"scale": 1.2, "workflow": ":/mrz-data/mrz_field_workflow.json"}, 
      "name": {
        "scale": 1.8, 
        "workflow": {
          "settings": {
            "custom_alphabet": "ABCDEFGHIJKLMNOPQRSTUVWXYZ -.", 
            "recstr": ":/recstr/111_eu_n0133_recstr.json"
          }, 
          "type": "common"
        }
      }, 
      "nationality": {
        "scale": 1.8, 
        "workflow": {
          "settings": {
            "custom_alphabet": "ABCDEFGHIJKLMNOPQRSTUVWXYZ.- ()", 
            "recstr": ":/recstr/111_eu_n0390_recstr.json"
          }, 
          "type": "common"
        }
      }, 
      "number": {
        "scale": 1.8, 
        "workflow": {
          "settings": {
            "custom_alphabet": "ABCDEFGHIJKLMNOPQRSTUVWXYZ 123456789", 
            "recstr": ":/recstr/111_eu_n0099_recstr.json"
          }, 
          "type": "common"
        }
      }, 
      "parent_00": {
        "scale": 1.8, 
        "workflow": {
          "settings": {
            "custom_alphabet": "ABCDEFGHIJKLMNOPQRSTUVWXYZÁÂÃÀÇÉÊÍÓÔÕÚ -.", 
            "recstr": ":/recstr/111_eu_n0390_recstr.json"
          }, 
          "type": "common"
        }
      }, 
      "parent_01": {
        "scale": 1.8, 
        "workflow": {
          "settings": {
            "custom_alphabet": "ABCDEFGHIJKLMNOPQRSTUVWXYZÁÂÃÀÇÉÊÍÓÔÕÚ -.", 
            "recstr": ":/recstr/111_eu_n0114_recstr.json"
          }, 
          "type": "common"
        }
      }, 
      "parent_10": {
        "scale": 1.8, 
        "workflow": {
          "settings": {
            "custom_alphabet": "ABCDEFGHIJKLMNOPQRSTUVWXYZÁÂÃÀÇÉÊÍÓÔÕÚ -.", 
            "recstr": ":/recstr/111_eu_n0390_recstr.json"
          }, 
          "type": "common"
        }
      }, 
      "parent_11": {
        "scale": 1.8, 
        "workflow": {
          "settings": {
            "custom_alphabet": "ABCDEFGHIJKLMNOPQRSTUVWXYZÁÂÃÀÇÉÊÍÓÔÕÚ -.", 
            "recstr": ":/recstr/111_eu_n0223_recstr.json"
          }, 
          "type": "common"
        }
      }, 
      "photo": {"workflow": {"settings": {}, "type": "image"}}, 
      "type": {
        "scale": 2.0, 
        "workflow": {
          "settings": {
            "custom_alphabet": "BDOPSTACEXMRNFIJVW ", 
            "deshearer": ":/mixangler/dummy_deshearer.json", 
            "recstr": ":/recstr/111_eu_n0072_recstr.json"
          }, 
          "type": "common"
        }
      }
    }, 
    "formatters": [
      {
        "formatter": ":/postprocessor/punctuation_filter.json", 
        "input_fields": ["issue_date"]
      }, 
      {
        "formatter": ":/postprocessor/punctuation_filter.json", 
        "input_fields": ["expiry_date"]
      }, 
      {
        "formatter": ":/postprocessor/punctuation_filter.json", 
        "input_fields": ["birth_date"]
      }, 
      {
        "formatter": "postprocessors/psp_date_formatter.json", 
        "input_fields": ["issue_date"]
      }, 
      {
        "formatter": "postprocessors/psp_date_formatter.json", 
        "input_fields": ["expiry_date"]
      }, 
      {
        "formatter": "postprocessors/psp_date_formatter.json", 
        "input_fields": ["birth_date"]
      }, 
      ":/postprocessor/mrz/mrz_formatter_slot_new_mrp.json", 
      {
        "formatter": "postprocessors/birth_date_processor2.json", 
        "input_fields": ["birth_date"]
      }, 
      {
        "formatter": "postprocessors/expiry_date_processor2.json", 
        "input_fields": ["issue_date"]
      }, 
      {
        "formatter": "postprocessors/expiry_date_processor2.json", 
        "input_fields": ["expiry_date"]
      }, 
      {
        "allow_incomplete_inputs": true, 
        "formatter": {
          "settings": {
            "input_fields_sequence": ["parent_00", "parent_01"], 
            "output_field": "parent_0", 
            "separator": " "
          }, 
          "type": "merge"
        }, 
        "input_fields": ["parent_00", "parent_01"], 
        "output_fields": ["parent_0"]
      }, 
      {
        "allow_incomplete_inputs": true, 
        "formatter": {
          "settings": {
            "input_fields_sequence": ["parent_10", "parent_11"], 
            "output_field": "parent_1", 
            "separator": " "
          }, 
          "type": "merge"
        }, 
        "input_fields": ["parent_10", "parent_11"], 
        "output_fields": ["parent_1"]
      }, 
      {
        "allow_incomplete_inputs": true, 
        "formatter": {
          "settings": {
            "input_fields_sequence": ["parent_0", "parent_1"], 
            "output_field": "parents", 
            "separator": ", "
          }, 
          "type": "merge"
        }, 
        "input_fields": ["parent_0", "parent_1"], 
        "output_fields": ["parents"]
      }
    ], 
    "image_integrators": {
      "__default__": ":/integrator/default_image_integrator.json", 
      "photo": ":/integrator/default_photo_integrator.json"
    }, 
    "integrators": {
      "__default__": ":/integrator/default_rover_integrator.json", 
      "birth_date": ":/integrator/default_token_integrator.json", 
      "expiry_date": ":/integrator/default_token_integrator.json", 
      "full_mrz": ":/integrator/default_mrz_integrator.json", 
      "issue_date": ":/integrator/default_token_integrator.json", 
      "number": ":/integrator/default_token_integrator.json"
    }, 
    "size": [1250, 880], 
    "zones": {
      "data_zone1": {
        "rect": [355, 45, 865, 710], 
        "workflow": {
          "settings": {"vertsgm": "vertsgm/psp_type2_multizone.json"}, 
          "type": "common"
        }
      }, 
      "mrz_zone": {
        "rect": [0, 355, 1250, 525], 
        "size_override": [1200, 504], 
        "workflow": ":/mrz-data/mrz_zone_workflow_mrp.json"
      }, 
      "photo_zone": {
        "rect": [24, 119, 348, 542], 
        "workflow": ":/photo_retriever/common_objed_photo_retriever.json"
      }
    }
  }
}