{
  "bra.medcard.unimed.type1:front": {
    "config": "templates/bra.medcard.unimed.type1.front.common.json",
    "expected_fields": [
      "abrangencia",
      "acomodacao"
    ],
    "fields": {
      "abrangencia": {
        "scale": 1.9,
        "workflow": {
          "settings": {
            "custom_alphabet": "ABCDEFGHIJKLMNOPQRSTUVWXYZ.- ()",
            "deshearer": ":/mixangler/dummy_deshearer.json",
            "recstr": ":/recstr/111_eu_n0276_recstr.json"
          },
          "type": "common"
        }
      },
      "acomodacao": {
        "scale": 2.0,
        "workflow": {
          "settings": {
            "custom_alphabet": "ABCDEFGHIJKLMNOPQRSTUVWXYZ.- ()",
            "deshearer": ":/mixangler/dummy_deshearer.json",
            "recstr": ":/recstr/111_eu_n0285_recstr.json"
          },
          "type": "common"
        }
      },
      "atend": {
        "scale": 2.0,
        "workflow": {
          "settings": {
            "custom_alphabet": "0123456789 .-",
            "deshearer": ":/mixangler/dummy_deshearer.json",
            "recstr": ":/recstr/001__n0016_recstr.json"
          },
          "type": "common"
        }
      },
      "cobertura_parcial_temporaria": {
        "scale": 2.0,
        "workflow": {
          "settings": {
            "custom_alphabet": "ABCDEFGHIJKLMNOPQRSTUVWXYZ.- ()",
            "deshearer": ":/mixangler/dummy_deshearer.json",
            "recstr": ":/recstr/111_eu_n0285_recstr.json"
          },
          "type": "common"
        }
      },
      "contratante": {
        "scale": 1.9,
        "workflow": {
          "settings": {
            "custom_alphabet": "ABCDEFGHIJKLMNOPQRSTUVWXYZ.- ()",
            "deshearer": ":/mixangler/dummy_deshearer.json",
            "recstr": ":/recstr/111_eu_n0285_recstr.json"
          },
          "type": "common"
        }
      },
      "data_de_nascimento": {
        "scale": 2.0,
        "workflow": {
          "settings": {
            "custom_alphabet": "0123456789 .-/",
            "deshearer": ":/mixangler/dummy_deshearer.json",
            "recstr": ":/recstr/001__n0076_recstr.json"
          },
          "type": "common"
        }
      },
      "natureza_da_contratacao": {
        "scale": 1.3,
        "workflow": {
          "settings": {
            "custom_alphabet": "ABCDEFGHIJKLMNOPQRSTUVWXYZ -.,/'\\\"123456789",
            "deshearer": ":/mixangler/dummy_deshearer.json",
            "recstr": ":/recstr/111_eu_n0139_recstr.json"
          },
          "type": "common"
        }
      },
      "nome_do_beneficiario": {
        "scale": 1.5,
        "workflow": {
          "settings": {
            "custom_alphabet": "ABCDEFGHIJKLMNOPQRSTUVWXYZ.- ()",
            "deshearer": ":/mixangler/dummy_deshearer.json",
            "recstr": ":/recstr/111_eu_n0285_recstr.json"
          },
          "type": "common"
        }
      },
      "number": {
        "scale": 2.0,
        "workflow": {
          "settings": {
            "custom_alphabet": "0123456789 -",
            "deshearer": ":/mixangler/dummy_deshearer.json",
            "recstr": ":/recstr/001__n0008_recstr.json"
          },
          "type": "common"
        }
      },
      "plano_regulamentado": {
        "scale": 2.0,
        "workflow": {
          "settings": {
            "custom_alphabet": "ABCDEFGHIJKLMNOPQRSTUVWXYZ.- ()",
            "deshearer": ":/mixangler/dummy_deshearer.json",
            "recstr": ":/recstr/111_eu_n0276_recstr.json"
          },
          "type": "common"
        }
      },
      "rede_de_atendimento": {
        "scale": 1.8,
        "workflow": {
          "settings": {
            "custom_alphabet": "ABCDEFGHIJKLMNOPQRSTUVWXYZ123456789 -()./",
            "deshearer": ":/mixangler/dummy_deshearer.json",
            "recstr": ":/recstr/111_eu_n0008_recstr.json"
          },
          "type": "common"
        }
      },
      "validade": {
        "scale": 2.0,
        "workflow": {
          "settings": {
            "custom_alphabet": "0123456789 .-/",
            "deshearer": ":/mixangler/dummy_deshearer.json",
            "recstr": ":/recstr/001__n0076_recstr.json"
          },
          "type": "common"
        }
      },
      "via": {
        "scale": 2.0,
        "workflow": {
          "settings": {
            "custom_alphabet": "0123456789 .-",
            "deshearer": ":/mixangler/dummy_deshearer.json",
            "recstr": ":/recstr/001__n0016_recstr.json"
          },
          "type": "common"
        }
      }
    },
    "formatters": [
      {
        "formatter": ":/postprocessor/punctuation_filter.json",
        "input_fields": [
          "number"
        ]
      },
      {
        "formatter": ":/postprocessor/dummy_postprocessor.json",
        "input_fields": [
          "natureza_da_contratacao"
        ]
      },
      {
        "formatter": ":/postprocessor/dummy_postprocessor.json",
        "input_fields": [
          "acomodacao"
        ]
      },
      {
        "formatter": ":/postprocessor/dummy_postprocessor.json",
        "input_fields": [
          "nome_do_beneficiario"
        ]
      },
      {
        "formatter": ":/postprocessor/dummy_postprocessor.json",
        "input_fields": [
          "rede_de_atendimento"
        ]
      },
      {
        "formatter": ":/postprocessor/dummy_postprocessor.json",
        "input_fields": [
          "atend"
        ]
      },
      {
        "formatter": ":/postprocessor/dummy_postprocessor.json",
        "input_fields": [
          "plano_regulamentado"
        ]
      },
      {
        "formatter": ":/postprocessor/dummy_postprocessor.json",
        "input_fields": [
          "abrangencia"
        ]
      },
      {
        "formatter": ":/postprocessor/dummy_postprocessor.json",
        "input_fields": [
          "via"
        ]
      },
      {
        "formatter": ":/postprocessor/dummy_postprocessor.json",
        "input_fields": [
          "cobertura_parcial_temporaria"
        ]
      },
      {
        "formatter": ":/postprocessor/dummy_postprocessor.json",
        "input_fields": [
          "contratante"
        ]
      },
      {
        "formatter": ":/postprocessor/date/default_birth_date_DDMMYYYY_formatter.json",
        "input_fields": [
          "data_de_nascimento"
        ]
      },
      {
        "formatter": ":/postprocessor/date/default_issue_date_DDMMYYYY_formatter.json",
        "input_fields": [
          "validade"
        ]
      }
    ],
    "image_integrators": {
      "__default__": ":/integrator/default_image_integrator.json"
    },
    "integrators": {
      "__default__": ":/integrator/default_rover_integrator.json",
      "atend": ":/integrator/default_token_integrator.json",
      "data_de_nascimento": ":/integrator/default_token_integrator.json",
      "number": ":/integrator/default_token_integrator.json",
      "validade": ":/integrator/default_token_integrator.json",
      "via": ":/integrator/default_token_integrator.json"
    },
    "size": [
      856,
      540
    ],
    "zones": {
      "abrangencia_zone": {
        "fields_translation": {
          "field": "abrangencia"
        },
        "rect": [
          355,
          400,
          270,
          100
        ],
        "workflow": {
          "settings": {
            "vertsgm": "vertsgm/single_field_layout.json"
          },
          "type": "common"
        }
      },
      "acomodacao_zone": {
        "fields_translation": {
          "field": "acomodacao"
        },
        "rect": [
          430,
          270,
          230,
          100
        ],
        "workflow": {
          "settings": {
            "vertsgm": "vertsgm/single_field_layout.json"
          },
          "type": "common"
        }
      },
      "atend_zone": {
        "fields_translation": {
          "field": "atend"
        },
        "rect": [
          20,
          400,
          80,
          70
        ],
        "workflow": {
          "settings": {
            "vertsgm": "vertsgm/single_field_layout.json"
          },
          "type": "common"
        }
      },
      "cobertura_parcial_temporaria_zone": {
        "fields_translation": {
          "field": "cobertura_parcial_temporaria"
        },
        "rect": [
          25,
          460,
          260,
          100
        ],
        "workflow": {
          "settings": {
            "vertsgm": "vertsgm/single_field_layout.json"
          },
          "type": "common"
        }
      },
      "contratante_zone": {
        "fields_translation": {
          "field": "contratante"
        },
        "rect": [
          355,
          465,
          315,
          70
        ],
        "workflow": {
          "settings": {
            "vertsgm": "vertsgm/single_field_layout.json"
          },
          "type": "common"
        }
      },
      "data_de_nascimento_zone": {
        "fields_translation": {
          "field": "data_de_nascimento"
        },
        "rect": [
          30,
          275,
          160,
          100
        ],
        "workflow": {
          "settings": {
            "vertsgm": "vertsgm/single_field_layout.json"
          },
          "type": "common"
        }
      },
      "natureza_da_contratacao_zone": {
        "fields_translation": {
          "field": "natureza_da_contratacao"
        },
        "rect": [
          220,
          270,
          220,
          80
        ],
        "workflow": {
          "settings": {
            "vertsgm": "vertsgm/single_field_layout.json"
          },
          "type": "common"
        }
      },
      "nome_do_beneficiario_zone": {
        "fields_translation": {
          "field": "nome_do_beneficiario"
        },
        "rect": [
          30,
          330,
          550,
          85
        ],
        "workflow": {
          "settings": {
            "vertsgm": "vertsgm/single_field_layout.json"
          },
          "type": "common"
        }
      },
      "number_zone": {
        "fields_translation": {
          "field": "number"
        },
        "rect": [
          30,
          210,
          590,
          100
        ],
        "workflow": {
          "settings": {
            "vertsgm": "vertsgm/single_field_layout.json"
          },
          "type": "common"
        }
      },
      "plano_regulamentado_zone": {
        "fields_translation": {
          "field": "plano_regulamentado"
        },
        "rect": [
          100,
          400,
          250,
          100
        ],
        "workflow": {
          "settings": {
            "vertsgm": "vertsgm/single_field_layout.json"
          },
          "type": "common"
        }
      },
      "rede_de_atendimento_zone": {
        "fields_translation": {
          "field": "rede_de_atendimento"
        },
        "rect": [
          600,
          340,
          250,
          80
        ],
        "workflow": {
          "settings": {
            "vertsgm": "vertsgm/single_field_layout.json"
          },
          "type": "common"
        }
      },
      "validade_zone": {
        "fields_translation": {
          "field": "validade"
        },
        "rect": [
          650,
          270,
          200,
          100
        ],
        "workflow": {
          "settings": {
            "vertsgm": "vertsgm/single_field_layout.json"
          },
          "type": "common"
        }
      },
      "via_zone": {
        "fields_translation": {
          "field": "via"
        },
        "rect": [
          650,
          400,
          125,
          125
        ],
        "workflow": {
          "settings": {
            "vertsgm": "vertsgm/single_field_layout.json"
          },
          "type": "common"
        }
      }
    }
  }
}