{
  "bra.id.type1:back": {
    "config": "templates/bra.id.type1.front.common.json", 
    "expected_fields": ["assinatura_do_titular"], 
    "fields": {
      "assinatura_do_titular": {"workflow": {"settings": {}, "type": "image"}}, 
      "photo": {"workflow": {"settings": {}, "type": "image"}}
    }, 
    "formatters": [], 
    "image_integrators": {
      "__default__": ":/integrator/default_image_integrator.json", 
      "photo": ":/integrator/default_photo_integrator.json"
    }, 
    "integrators": {"__default__": ":/integrator/default_rover_integrator.json"}, 
    "size": [856, 540], 
    "zones": {
      "assinatura_do_titular": {
        "rect": [90, 395, 675, 65], 
        "workflow": ":/photo_retriever/common_objed_photo_retriever.json"
      }, 
      "photo": {
        "band": [590, 155, 590, 375, 335], 
        "workflow": ":/photo_retriever/common_objed_photo_retriever.json"
      }
    }
  }
}