{
  "bra.passport.type1:main": {
    "config": "templates/bra.passport.type1.main.common.json", 
    "expected_fields": ["birth_date", "expiry_date", "issue_date", "full_mrz"], 
    "fields": {
      "authority": {
        "scale": 1.8, 
        "workflow": {
          "settings": {
            "custom_alphabet": "ABCDEFGHIJKLMNOPQRSTUVWXYZ ./", 
            "recstr": ":/recstr/111_eu_n0099_recstr.json"
          }, 
          "type": "common"
        }
      }, 
      "birth_date": {
        "scale": 1.9, 
        "workflow": {
          "settings": {
            "custom_alphabet": "ABCDEFGHIJKLMNOPQRSTUVWXYZ123456789№ -/", 
            "recstr": ":/recstr/111_eu_n0086_recstr.json"
          }, 
          "type": "common"
        }
      }, 
      "birth_place": {
        "scale": 1.8, 
        "workflow": {
          "settings": {
            "custom_alphabet": "ABCDEFGHIJKLMNOPQRSTUVWXYZ -.,/", 
            "recstr": ":/recstr/111_eu_n0063_recstr.json"
          }, 
          "type": "common"
        }
      }, 
      "expiry_date": {
        "scale": 1.8, 
        "workflow": {
          "settings": {
            "custom_alphabet": "ABCDEFGHIJKLMNOPQRSTUVWXYZ123456789№ -/", 
            "recstr": ":/recstr/111_eu_n0114_recstr.json"
          }, 
          "type": "common"
        }
      }, 
      "gender": {
        "scale": 1.8, 
        "workflow": {
          "settings": {
            "custom_alphabet": "MF ", 
            "recstr": ":/recstr/111_eu_n0183_recstr.json"
          }, 
          "type": "common"
        }
      }, 
      "issue_date": {
        "scale": 1.8, 
        "workflow": {
          "settings": {
            "custom_alphabet": "ABCDEFGHIJKLMNOPQRSTUVWXYZ123456789№ -/", 
            "recstr": ":/recstr/111_eu_n0114_recstr.json"
          }, 
          "type": "common"
        }
      }, 
      "last_name": {
        "scale": 1.8, 
        "workflow": {
          "settings": {
            "custom_alphabet": "ABCDEFGHIJKLMNOPQRSTUVWXYZÁÂÃÀÇÉÊÍÓÔÕÚ -.", 
            "recstr": ":/recstr/111_eu_n0133_recstr.json"
          }, 
          "type": "common"
        }
      }, 
      "mrz_line1": {"scale": 1.2, "workflow": ":/mrz-data/mrz_field_workflow.json"}, 
      "mrz_line2": {"scale": 1.2, "workflow": ":/mrz-data/mrz_field_workflow.json"}, 
      "name": {
        "scale": 1.8, 
        "workflow": {
          "settings": {
            "custom_alphabet": "ABCDEFGHIJKLMNOPQRSTUVWXYZÁÂÃÀÇÉÊÍÓÔÕÚ -.", 
            "recstr": ":/recstr/111_eu_n0133_recstr.json"
          }, 
          "type": "common"
        }
      }, 
      "nationality": {
        "scale": 1.8, 
        "workflow": {
          "settings": {
            "custom_alphabet": "ABCDEFGHIJKLMNOPQRSTUVWXYZ.- ()", 
            "recstr": ":/recstr/111_eu_n0047_recstr.json"
          }, 
          "type": "common"
        }
      }, 
      "number": {
        "scale": 1.8, 
        "workflow": {
          "settings": {
            "custom_alphabet": "ABCDEFGHIJKLMNOPQRSTUVWXYZ 123456789", 
            "recstr": ":/recstr/111_eu_n0114_recstr.json"
          }, 
          "type": "common"
        }
      }, 
      "photo": {"workflow": {"settings": {}, "type": "image"}}, 
      "type": {
        "scale": 2.0, 
        "workflow": {
          "settings": {
            "custom_alphabet": "BDOPSTACEXMRNFIJVW ", 
            "deshearer": ":/mixangler/dummy_deshearer.json", 
            "recstr": ":/recstr/111_eu_n0183_recstr.json"
          }, 
          "type": "common"
        }
      }
    }, 
    "formatters": [
      ":/postprocessor/mrz/mrz_formatter_slot_new_mrp.json", 
      {
        "formatter": "postprocessors/birth_date_formatter.json", 
        "input_fields": ["birth_date"]
      }, 
      {
        "formatter": "postprocessors/expiry_date_formatter.json", 
        "input_fields": ["issue_date"]
      }, 
      {
        "formatter": "postprocessors/expiry_date_formatter.json", 
        "input_fields": ["expiry_date"]
      }
    ], 
    "image_integrators": {
      "__default__": ":/integrator/default_image_integrator.json", 
      "photo": ":/integrator/default_photo_integrator.json"
    }, 
    "integrators": {
      "__default__": ":/integrator/default_rover_integrator.json", 
      "birth_date": ":/integrator/default_token_integrator.json", 
      "expiry_date": ":/integrator/default_token_integrator.json", 
      "full_mrz": ":/integrator/default_mrz_integrator.json", 
      "issue_date": ":/integrator/default_token_integrator.json", 
      "number": ":/integrator/default_token_integrator.json"
    }, 
    "size": [1250, 880], 
    "zones": {
      "data_zone1": {
        "rect": [345, 110, 900, 580], 
        "workflow": {
          "settings": {"vertsgm": "vertsgm/psp_type1_zone1_with_dp.json"}, 
          "type": "common"
        }
      }, 
      "mrz_zone": {
        "rect": [5, 450, 1240, 420], 
        "size_override": [1200, 406], 
        "workflow": ":/mrz-data/mrz_zone_workflow_mrp.json"
      }, 
      "photo_zone": {
        "rect": [24, 179, 368, 502], 
        "workflow": ":/photo_retriever/common_objed_photo_retriever.json"
      }
    }
  }
}