{
  "bra.drvlic.type1:back": {
    "expected_fields": ["number"],
    "fields": {
      "issue_date": {
        "scale": 2.0,
        "workflow": {
          "type": "common",
          "settings": {
            "custom_alphabet": "0123456789 .-/",
            "recstr": ":/recstr/app_001_ocrblike_spacing.json"
          }
        }
      },
      "signature": {"workflow": {"type": "image", "settings": {}}},
      "number_back": {
        "scale": 1.0,
        "workflow": {
          "type": "common",
          "settings": {
            "custom_alphabet": "0123456789 .-",
            "recstr": ":/recstr/001__n0094_recstr.json"
          }
        }
      },
      "file_number0": {
        "scale": 2.0,
        "workflow": {
          "type": "common",
          "settings": {
            "custom_alphabet": "ABCDEFGHIJKLMNOPQRSTUVWXYZ 123456789",
            "recstr": ":/recstr/111_eu_n0029_recstr.json"
          }
        }
      },
      "file_number1": {
        "scale": 2.0,
        "workflow": {
          "type": "common",
          "settings": {
            "custom_alphabet": "ABCDEFGHIJKLMNOPQRSTUVWXYZ 123456789",
            "recstr": ":/recstr/111_eu_n0084_recstr.json"
          }
        }
      },
      "address": {
        "scale": 1.9,
        "workflow": {
          "type": "common",
          "settings": {
            "custom_alphabet": "ABCDEFGHIJKLMNOPQRSTUVWXYZ -().,/",
            "recstr": ":/recstr/111_eu_n0337_recstr.json"
          }
        }
      }
    },
    "formatters": [
      {
        "formatter": ":/postprocessor/date/default_issue_date_DDMMYYYY_formatter.json",
        "input_fields": ["issue_date"]
      },
      {
        "allow_incomplete_inputs": true,
        "formatter": {
          "type": "merge",
          "settings": {
            "output_field": "file_number",
            "separator": " ",
            "input_fields_sequence": ["file_number0", "file_number1"]
          }
        },
        "input_fields": ["file_number0", "file_number1"],
        "output_fields": ["file_number"]
      }
    ],
    "zones": {
      "signature": {
        "rect": [129, 219, 528, 115],
        "workflow": ":/signature_retriever/signature_retriever.json"
      },
      "local_zone": {
        "rect": [125, 330, 675, 135],
        "workflow": {
          "type": "common",
          "settings": {"vertsgm": "vertsgm/drv_type1_data_zone1_with_dp_back.json"}
        }
      },
      "number_zone": {
        "band": [80, 585, 80, 305, 70],
        "workflow": {
          "type": "common",
          "settings": {"vertsgm": "vertsgm/drv_type1_number_back_zone.json"}
        }
      }
    },
    "integrators": {
      "__default__": ":/integrator/default_rover_integrator.json",
      "data_emissao": ":/integrator/default_token_integrator.json"
    },
    "image_integrators": {"__default__": ":/integrator/default_image_integrator.json"},
    "config": "templates/bra.drvlic.type1.back.common.json",
    "size": [848, 590]
  }
}