{
  "bra.re_license.type1:front": {
    "config": "templates/bra.re_license.type1.front.common.json", 
    "expected_fields": ["nome"], 
    "fields": {
      "nome": {
        "scale": 1.8, 
        "workflow": {
          "settings": {
            "custom_alphabet": "ABCDEFGHIJKLMNOPQRSTUVWXYZ -", 
            "deshearer": ":/mixangler/dummy_deshearer.json", 
            "recstr": ":/recstr/111_eu_n0014_recstr.json"
          }, 
          "type": "common"
        }
      }, 
      "number": {
        "scale": 1.5, 
        "workflow": {
          "settings": {
            "custom_alphabet": "0123456789 .-", 
            "deshearer": ":/mixangler/dummy_deshearer.json", 
            "recstr": ":/recstr/001__n0073_recstr.json"
          }, 
          "type": "common"
        }
      }, 
      "photo": {"workflow": {"settings": {}, "type": "image"}}, 
      "validade": {
        "scale": 1.5, 
        "workflow": {
          "settings": {
            "custom_alphabet": "0123456789 .-/", 
            "deshearer": ":/mixangler/dummy_deshearer.json", 
            "recstr": ":/recstr/001__n0076_recstr.json"
          }, 
          "type": "common"
        }
      }
    }, 
    "formatters": [
      {
        "formatter": ":/postprocessor/dummy_postprocessor.json", 
        "input_fields": ["nome"]
      }, 
      {
        "formatter": ":/postprocessor/dummy_postprocessor.json", 
        "input_fields": ["number"]
      }, 
      {
        "formatter": ":/postprocessor/date/default_expiry_date_DDMMYYYY_formatter.json", 
        "input_fields": ["validade"]
      }
    ], 
    "image_integrators": {
      "__default__": ":/integrator/default_image_integrator.json", 
      "photo": ":/integrator/default_photo_integrator.json"
    }, 
    "integrators": {
      "__default__": ":/integrator/default_rover_integrator.json", 
      "validade": ":/integrator/default_token_integrator.json"
    }, 
    "size": [856, 540], 
    "zones": {
      "expiry_zone": {
        "rect": [80, 425, 185, 65], 
        "workflow": {
          "settings": {"vertsgm": "vertsgm/re_license_type1_expiry_zone.json"}, 
          "type": "common"
        }
      }, 
      "nome_zone": {
        "rect": [70, 340, 550, 70], 
        "workflow": {
          "settings": {"vertsgm": "vertsgm/re_license_type1_name_zone.json"}, 
          "type": "common"
        }
      }, 
      "number_zone": {
        "rect": [655, 0, 150, 50], 
        "workflow": {
          "settings": {"vertsgm": "vertsgm/re_license_type1_number_zone.json"}, 
          "type": "common"
        }
      }, 
      "photo_zone": {
        "rect": [50, 40, 285, 320], 
        "workflow": ":/photo_retriever/common_objed_photo_retriever.json"
      }
    }
  }
}