{
  "bra.drvlic.type1:front": {
    "config": "templates/bra.drvlic.type1.front.common.json", 
    "expected_fields": ["name"], 
    "fields": {
      "CPF": {
        "scale": 2.0, 
        "workflow": {
          "settings": {
            "custom_alphabet": "0123456789 .-", 
            "recstr": ":/recstr/001__n0018_recstr.json"
          }, 
          "type": "common"
        }
      }, 
      "acc": {
        "scale": 1.9, 
        "workflow": {
          "settings": {
            "custom_alphabet": "ABCDEFGHIJKLMNOPQRSTUVWXYZ -()./", 
            "recstr": ":/recstr/111_eu_n0183_recstr.json"
          }, 
          "type": "common"
        }
      }, 
      "birth_date": {
        "scale": 2.0, 
        "workflow": {
          "settings": {
            "custom_alphabet": "0123456789 .-/", 
            "recstr": ":/recstr/app_001_ocrblike_spacing.json"
          }, 
          "type": "common"
        }
      }, 
      "categories": {
        "scale": 2.0, 
        "workflow": {
          "settings": {
            "custom_alphabet": "ABCDEFGHIJKLMNOPQRSTUVWXYZ -()./", 
            "recstr": ":/recstr/111_eu_n0183_recstr.json"
          }, 
          "type": "common"
        }
      }, 
      "doc_identidade1": {
        "scale": 2.0, 
        "workflow": {
          "settings": {
            "custom_alphabet": "ABCDEFGHIJKLMNOPQRSTUVWXYZ0123456789 .-/,", 
            "recstr": ":/recstr/app_111_eu_regular.json"
          }, 
          "type": "common"
        }
      }, 
      "expiry_date": {
        "scale": 2.0, 
        "workflow": {
          "settings": {
            "custom_alphabet": "0123456789 .-/", 
            "recstr": ":/recstr/app_001_ocrblike_spacing.json"
          }, 
          "type": "common"
        }
      }, 
      "habilitacao": {
        "scale": 2.0, 
        "workflow": {
          "settings": {
            "custom_alphabet": "0123456789 .-/", 
            "recstr": ":/recstr/001__n0019_recstr.json"
          }, 
          "type": "common"
        }
      }, 
      "lic_number": {
        "scale": 1.9, 
        "workflow": {
          "settings": {
            "custom_alphabet": "0123456789 .-", 
            "recstr": ":/recstr/001__n0073_recstr.json"
          }, 
          "type": "common"
        }
      }, 
      "name": {
        "scale": 1.9, 
        "workflow": {
          "settings": {
            "custom_alphabet": "ABCDEFGHIJKLMNOPQRSTUVWXYZ -()./", 
            "recstr": ":/recstr/111_eu_n0183_recstr.json"
          }, 
          "type": "common"
        }
      }, 
      "number": {
        "scale": 1.0, 
        "workflow": {
          "settings": {
            "custom_alphabet": "0123456789 .-", 
            "recstr": ":/recstr/001__n0035_recstr.json"
          }, 
          "type": "common"
        }
      }, 
      "parents_line10": {
        "scale": 2.0, 
        "workflow": {
          "settings": {
            "custom_alphabet": "ABCDEFGHIJKLMNOPQRSTUVWXYZ -()./", 
            "recstr": ":/recstr/111_eu_n0084_recstr.json"
          }, 
          "type": "common"
        }
      }, 
      "parents_line11": {
        "scale": 2.0, 
        "workflow": {
          "settings": {
            "custom_alphabet": "ABCDEFGHIJKLMNOPQRSTUVWXYZ -()./", 
            "recstr": ":/recstr/111_eu_n0084_recstr.json"
          }, 
          "type": "common"
        }
      }, 
      "parents_line20": {
        "scale": 2.0, 
        "workflow": {
          "settings": {
            "custom_alphabet": "ABCDEFGHIJKLMNOPQRSTUVWXYZ -()./", 
            "recstr": ":/recstr/111_eu_n0337_recstr.json"
          }, 
          "type": "common"
        }
      }, 
      "parents_line21": {
        "scale": 2.0, 
        "workflow": {
          "settings": {
            "custom_alphabet": "ABCDEFGHIJKLMNOPQRSTUVWXYZ -()./", 
            "recstr": ":/recstr/111_eu_n0337_recstr.json"
          }, 
          "type": "common"
        }
      }, 
      "permission": {
        "scale": 1.9, 
        "workflow": {
          "settings": {
            "custom_alphabet": "ABCDEFGHIJKLMNOPQRSTUVWXYZ -()./", 
            "recstr": ":/recstr/111_eu_n0183_recstr.json"
          }, 
          "type": "common"
        }
      }, 
      "photo": {"workflow": {"settings": {}, "type": "image"}}
    }, 
    "formatters": [
      {
        "formatter": ":/postprocessor/date/default_birth_date_DDMMYYYY_formatter.json", 
        "input_fields": ["birth_date"]
      }, 
      {
        "formatter": ":/postprocessor/date/default_issue_date_DDMMYYYY_formatter.json", 
        "input_fields": ["habilitacao"]
      }, 
      {
        "formatter": ":/postprocessor/date/default_expiry_date_DDMMYYYY_formatter.json", 
        "input_fields": ["validade"]
      }, 
      {
        "allow_incomplete_inputs": true, 
        "formatter": {
          "settings": {
            "input_fields_sequence": ["parents_line10", "parents_line11"], 
            "output_field": "parents_line1", 
            "separator": " "
          }, 
          "type": "merge"
        }, 
        "input_fields": ["parents_line10", "parents_line11"], 
        "output_fields": ["parents_line1"]
      }, 
      {
        "allow_incomplete_inputs": true, 
        "formatter": {
          "settings": {
            "input_fields_sequence": ["parents_line20", "parents_line21"], 
            "output_field": "parents_line2", 
            "separator": " "
          }, 
          "type": "merge"
        }, 
        "input_fields": ["parents_line20", "parents_line21"], 
        "output_fields": ["parents_line2"]
      }, 
      {
        "input_fields": ["doc_identidade1"], 
        "output_fields": ["id_number", "UF", "org_emissor"], 
        "postprocessor": "postprocessors/doc_org_uf.json"
      }
    ], 
    "image_integrators": {
      "__default__": ":/integrator/default_image_integrator.json", 
      "photo": ":/integrator/default_photo_integrator.json"
    }, 
    "integrators": {
      "__default__": ":/integrator/default_rover_integrator.json", 
      "birth_date": ":/integrator/default_token_integrator.json", 
      "habilitacao": ":/integrator/default_token_integrator.json", 
      "validade": ":/integrator/default_token_integrator.json"
    }, 
    "size": [848, 590], 
    "zones": {
      "date_zone": {
        "rect": [125, 140, 675, 435], 
        "workflow": {
          "settings": {"vertsgm": "vertsgm/drv_type1_data_zone1_with_dp_front.json"}, 
          "type": "common"
        }
      }, 
      "number_zone": {
        "band": [80, 585, 80, 305, 70], 
        "workflow": {
          "settings": {"vertsgm": "vertsgm/drv_type1_number_zone.json"}, 
          "type": "common"
        }
      }, 
      "photo_zone": {
        "rect": [120, 190, 300, 330], 
        "workflow": ":/photo_retriever/common_objed_photo_retriever.json"
      }
    }
  }
}