{
  "type": "date",
  "settings": {
    "separators_alphabet": " -./",
    "remove_separators": true,
    "pattern_match_confidence": 0.5,
    "input_patterns": [     
      "DD??mmmYYYY",
      "DD???mmmYYYY",
      "DD????mmmYYYY"  
    ],  
    "alphabet_postprocessor": {
      "type": "alphabet",
      "settings": {
        "type_app": "const_alph",
        "mask_str": "0123456789",
        "min_confidence": 0.2,
        "sum_alph_confidence": 0.98,
        "matchs" : {
          "I" : "1",
          "O" : "0"
        }
      }
    },
    "wrdgen_depth": 30,
    "substitution_weight": 0.8,
    "min_date": "01.01.1900",
    "max_date": "CURRENT",
    "delta_year": 0
  }
}