{
  "type": "date",
  "settings": {
    "mode": "formatter",
    "separators_alphabet": " -./",
    "remove_separators": true,
    "pattern_match_confidence": 0.5,
    "input_patterns": [
      "DDmmmYYYY",
      "DD?mmmYYYY",
      "DD??mmmYYYY",
      "DD???mmmYYYY",
      "DD????mmmYYYY",
      "DD?????mmmYYYY"
    ],  
    "alphabet_postprocessor": ":/postprocessor/alphabet/digits_only_alphabet_postprocessor.json",
    "wrdgen_depth": 30,
    "min_date": "01.01.1900",
    "max_date": "CURRENT"
  }
}