{
  "type": "date",
  "settings": {
    "mode": "formatter",
    "separators_alphabet": "/ -.\\:,\"'",
    "remove_separators": true,
    "pattern_match_confidence": 0.5,
    "input_patterns": [
      "DDmmmYYYY",
      "DmmmYYYY",
      "DDMMYYYY",
      "DMMYYYY",
      "DDMYYYY",
      "DMYYYY"
    ],  
    "alphabet_postprocessor": ":/postprocessor/alphabet/digits_only_alphabet_postprocessor.json",
    "months": ["JAN", "FEB", "MAR", "ABR", "MAI", "JUN", "JUL", "AGO", "SET", "OCT", "NOV", "DEZ"],
    "wrdgen_depth": 30,
    "min_date": "01.01.1900",
    "max_date": "CURRENT"
  }
}