{
  "type": "multisequence",
  "settings": {
    "postprocessors": [
      ":/postprocessor/spaces_filter.json",
      {
        "type": "clutter_remover",
        "settings": {
          "clutter_alphabet": "№",
          "max_clutter_left": 2,
          "max_clutter_right": 0
        }
      },
      {
        "type": "alphabet",
        "settings": {
          "type_app": "univ_alph",
          "str_size": 12,
          "mask_str": [
            "0123456789",
            "0123456789",
            "0123456789",
            "0123456789",
            "0123456789",
            "0123456789",
            "0123456789",
            "0123456789",
            "0123456789",
            "0123456789",
            "0123456789",
            "0123456789"
          ],
          "min_confidence": 0.2,
          "sum_alph_confidence": 0.98,
          "matchs": {
            "O": "0"
          }
        }
      }
    ]
  }
}