{
    "type": "dynamic",
    "settings": {
        "preprocessing": {
            "processing_steps": [
                {
                    "type": "blink_removing",
                    "settings": {
                        "blink_removing_percent": 0.1
                    }
                },
                {
                    "type": "background_closing",
                    "settings": {
                        "background_closing_wy": 4,
                        "background_closing_wx": 4
                    }
                },
                {
                    "type": "morphology_open",
                    "settings": {
                        "morphology_open_wy": 1,
                        "morphology_open_wx": 6
                    }
                },
                {
                    "type": "morphology_close",
                    "settings": {
                        "morphology_close_wy": 3,
                        "morphology_close_wx": 0
                    }
                },
                {
                    "type": "autocontrast",
                    "settings": {
                        "autocontrast_satur_white": 0.05,
                        "autocontrast_satur_black": 0.02
                    }
                },
                {
                    "type": "saturation"
                },
                {
                    "type": "angle_detection",
                    "settings": {
                        "width_downscale": 0.5,
                        "height_downscale": 1.0
                    }
                }
            ],
            "settings": {}
        },
        "settings": {
            "grid_step_y": 1,
            "grid_step_x": 1,
            "gap_right": 19,
            "gap_left": 12,
            "gap_bot": 9,
            "gap_top": 7,
            "score_type": "otsu",
            "rejection_threshold": 0.15,
            "default_gap_dp_cost": 0.0,
            "default_gap_otsu_cost": 0.7,
            "local_otsu_window_wing": -1
        },
        "layout": [
            {
                "delta_height": 40,
                "line_type": "gap",
                "height": 80
            },
            {
                "line_type": "text",
                "height": 25,
                "delta_height": 10,
                "fields": [
                    {
                        "field_type": "gap",
                        "delta_width": 60,
                        "width": 80
                    },
                    {
                        "field_type": "text",
                        "cost": 0.6,
                        "field_name": "category1",
                        "is_optional": true,
                        "delta_width": 55,
                        "width": 70
                    },
                    {
                        "field_type": "gap",
                        "delta_width": 110,
                        "width": 160
                    },
                    {
                        "field_type": "text",
                        "cost": 0.6,
                        "field_name": "field",
                        "is_optional": true,
                        "delta_width": 80,
                        "width": 80
                    },
                    {
                        "field_type": "gap",
                        "delta_width": 85,
                        "width": 85
                    },
                    {
                        "field_type": "text",
                        "cost": 0.6,
                        "field_name": "issue_date_1",
                        "is_optional": true,
                        "delta_width": 15,
                        "width": 105
                    },
                    {
                        "field_type": "gap",
                        "delta_width": 15,
                        "width": 25
                    },
                    {
                        "field_type": "text",
                        "cost": 0.6,
                        "field_name": "expiry_date_1",
                        "is_optional": true,
                        "delta_width": 15,
                        "width": 105
                    },
                    {
                        "field_type": "gap",
                        "delta_width": 40,
                        "width": 255
                    }
                ]
            },
            {
                "delta_height": 8,
                "line_type": "gap",
                "height": 15
            },
            {
                "line_type": "text",
                "height": 25,
                "delta_height": 10,
                "fields": [
                    {
                        "field_type": "gap",
                        "delta_width": 60,
                        "width": 80
                    },
                    {
                        "field_type": "text",
                        "cost": 0.6,
                        "field_name": "category2",
                        "is_optional": true,
                        "delta_width": 55,
                        "width": 70
                    },
                    {
                        "field_type": "gap",
                        "delta_width": 150,
                        "width": 150
                    },
                    {
                        "field_type": "text",
                        "cost": 0.6,
                        "field_name": "field",
                        "is_optional": true,
                        "delta_width": 80,
                        "width": 80
                    },
                    {
                        "field_type": "gap",
                        "delta_width": 85,
                        "width": 85
                    },
                    {
                        "field_type": "text",
                        "cost": 0.6,
                        "field_name": "issue_date_2",
                        "is_optional": true,
                        "delta_width": 15,
                        "width": 105
                    },
                    {
                        "field_type": "gap",
                        "delta_width": 15,
                        "width": 25
                    },
                    {
                        "field_type": "text",
                        "cost": 0.6,
                        "field_name": "expiry_date_2",
                        "is_optional": true,
                        "delta_width": 15,
                        "width": 105
                    },
                    {
                        "field_type": "gap",
                        "delta_width": 40,
                        "width": 255
                    }
                ]
            },
            {
                "delta_height": 8,
                "line_type": "gap",
                "height": 15
            },
            {
                "line_type": "text",
                "height": 25,
                "delta_height": 10,
                "fields": [
                    {
                        "field_type": "gap",
                        "delta_width": 60,
                        "width": 80
                    },
                    {
                        "field_type": "text",
                        "cost": 0.6,
                        "field_name": "category3",
                        "is_optional": true,
                        "delta_width": 55,
                        "width": 70
                    },
                    {
                        "field_type": "gap",
                        "delta_width": 150,
                        "width": 150
                    },
                    {
                        "field_type": "text",
                        "cost": 0.6,
                        "field_name": "field",
                        "is_optional": true,
                        "delta_width": 80,
                        "width": 80
                    },
                    {
                        "field_type": "gap",
                        "delta_width": 85,
                        "width": 85
                    },
                    {
                        "field_type": "text",
                        "cost": 0.6,
                        "field_name": "issue_date_3",
                        "is_optional": true,
                        "delta_width": 15,
                        "width": 105
                    },
                    {
                        "field_type": "gap",
                        "delta_width": 15,
                        "width": 25
                    },
                    {
                        "field_type": "text",
                        "cost": 0.6,
                        "field_name": "expiry_date_3",
                        "is_optional": true,
                        "delta_width": 15,
                        "width": 105
                    },
                    {
                        "field_type": "gap",
                        "delta_width": 40,
                        "width": 255
                    }
                ]
            },
            {
                "delta_height": 8,
                "line_type": "gap",
                "height": 15
            },
            {
                "line_type": "text",
                "height": 25,
                "delta_height": 10,
                "fields": [
                    {
                        "field_type": "gap",
                        "delta_width": 60,
                        "width": 80
                    },
                    {
                        "field_type": "text",
                        "cost": 0.6,
                        "field_name": "category4",
                        "is_optional": true,
                        "delta_width": 55,
                        "width": 70
                    },
                    {
                        "field_type": "gap",
                        "delta_width": 150,
                        "width": 150
                    },
                    {
                        "field_type": "text",
                        "cost": 0.6,
                        "field_name": "field",
                        "is_optional": true,
                        "delta_width": 80,
                        "width": 80
                    },
                    {
                        "field_type": "gap",
                        "delta_width": 85,
                        "width": 85
                    },
                    {
                        "field_type": "text",
                        "cost": 0.6,
                        "field_name": "issue_date_4",
                        "is_optional": true,
                        "delta_width": 15,
                        "width": 105
                    },
                    {
                        "field_type": "gap",
                        "delta_width": 15,
                        "width": 25
                    },
                    {
                        "field_type": "text",
                        "cost": 0.6,
                        "field_name": "expiry_date_4",
                        "is_optional": true,
                        "delta_width": 15,
                        "width": 105
                    },
                    {
                        "field_type": "gap",
                        "delta_width": 40,
                        "width": 255
                    }
                ]
            },
            {
                "delta_height": 8,
                "line_type": "gap",
                "height": 15
            },
            {
                "line_type": "text",
                "height": 25,
                "delta_height": 10,
                "fields": [
                    {
                        "field_type": "gap",
                        "delta_width": 60,
                        "width": 80
                    },
                    {
                        "field_type": "text",
                        "cost": 0.6,
                        "field_name": "category5",
                        "is_optional": true,
                        "delta_width": 55,
                        "width": 70
                    },
                    {
                        "field_type": "gap",
                        "delta_width": 150,
                        "width": 150
                    },
                    {
                        "field_type": "text",
                        "cost": 0.6,
                        "field_name": "field",
                        "is_optional": true,
                        "delta_width": 80,
                        "width": 80
                    },
                    {
                        "field_type": "gap",
                        "delta_width": 85,
                        "width": 85
                    },
                    {
                        "field_type": "text",
                        "cost": 0.6,
                        "field_name": "issue_date_5",
                        "is_optional": true,
                        "delta_width": 15,
                        "width": 105
                    },
                    {
                        "field_type": "gap",
                        "delta_width": 15,
                        "width": 25
                    },
                    {
                        "field_type": "text",
                        "cost": 0.6,
                        "field_name": "expiry_date_5",
                        "is_optional": true,
                        "delta_width": 15,
                        "width": 105
                    },
                    {
                        "field_type": "gap",
                        "delta_width": 40,
                        "width": 255
                    }
                ]
            },
            {
                "delta_height": 8,
                "line_type": "gap",
                "height": 15
            },
            {
                "line_type": "text",
                "height": 25,
                "delta_height": 10,
                "fields": [
                    {
                        "field_type": "gap",
                        "delta_width": 60,
                        "width": 80
                    },
                    {
                        "field_type": "text",
                        "cost": 0.6,
                        "field_name": "category6",
                        "is_optional": true,
                        "delta_width": 55,
                        "width": 70
                    },
                    {
                        "field_type": "gap",
                        "delta_width": 150,
                        "width": 150
                    },
                    {
                        "field_type": "text",
                        "cost": 0.6,
                        "field_name": "field",
                        "is_optional": true,
                        "delta_width": 80,
                        "width": 80
                    },
                    {
                        "field_type": "gap",
                        "delta_width": 85,
                        "width": 85
                    },
                    {
                        "field_type": "text",
                        "cost": 0.6,
                        "field_name": "issue_date_6",
                        "is_optional": true,
                        "delta_width": 15,
                        "width": 105
                    },
                    {
                        "field_type": "gap",
                        "delta_width": 15,
                        "width": 25
                    },
                    {
                        "field_type": "text",
                        "cost": 0.6,
                        "field_name": "expiry_date_6",
                        "is_optional": true,
                        "delta_width": 15,
                        "width": 105
                    },
                    {
                        "field_type": "gap",
                        "delta_width": 40,
                        "width": 255
                    }
                ]
            },
            {
                "delta_height": 8,
                "line_type": "gap",
                "height": 15
            },
            {
                "line_type": "text",
                "height": 25,
                "delta_height": 10,
                "fields": [
                    {
                        "field_type": "gap",
                        "delta_width": 60,
                        "width": 80
                    },
                    {
                        "field_type": "text",
                        "cost": 0.6,
                        "field_name": "category7",
                        "is_optional": true,
                        "delta_width": 55,
                        "width": 70
                    },
                    {
                        "field_type": "gap",
                        "delta_width": 150,
                        "width": 150
                    },
                    {
                        "field_type": "text",
                        "cost": 0.6,
                        "field_name": "field",
                        "is_optional": true,
                        "delta_width": 80,
                        "width": 80
                    },
                    {
                        "field_type": "gap",
                        "delta_width": 85,
                        "width": 85
                    },
                    {
                        "field_type": "text",
                        "cost": 0.6,
                        "field_name": "issue_date_7",
                        "is_optional": true,
                        "delta_width": 15,
                        "width": 105
                    },
                    {
                        "field_type": "gap",
                        "delta_width": 15,
                        "width": 25
                    },
                    {
                        "field_type": "text",
                        "cost": 0.6,
                        "field_name": "expiry_date_7",
                        "is_optional": true,
                        "delta_width": 15,
                        "width": 105
                    },
                    {
                        "field_type": "gap",
                        "delta_width": 40,
                        "width": 255
                    }
                ]
            },
            {
                "delta_height": 8,
                "line_type": "gap",
                "height": 15
            },
            {
                "line_type": "text",
                "height": 25,
                "delta_height": 10,
                "fields": [
                    {
                        "field_type": "gap",
                        "delta_width": 60,
                        "width": 80
                    },
                    {
                        "field_type": "text",
                        "cost": 0.6,
                        "field_name": "category8",
                        "is_optional": true,
                        "delta_width": 55,
                        "width": 70
                    },
                    {
                        "field_type": "gap",
                        "delta_width": 150,
                        "width": 150
                    },
                    {
                        "field_type": "text",
                        "cost": 0.6,
                        "field_name": "field",
                        "is_optional": true,
                        "delta_width": 80,
                        "width": 80
                    },
                    {
                        "field_type": "gap",
                        "delta_width": 85,
                        "width": 85
                    },
                    {
                        "field_type": "text",
                        "cost": 0.6,
                        "field_name": "issue_date_8",
                        "is_optional": true,
                        "delta_width": 15,
                        "width": 105
                    },
                    {
                        "field_type": "gap",
                        "delta_width": 15,
                        "width": 25
                    },
                    {
                        "field_type": "text",
                        "cost": 0.6,
                        "field_name": "expiry_date_8",
                        "is_optional": true,
                        "delta_width": 15,
                        "width": 105
                    },
                    {
                        "field_type": "gap",
                        "delta_width": 40,
                        "width": 255
                    }
                ]
            },
            {
                "delta_height": 8,
                "line_type": "gap",
                "height": 15
            },
            {
                "line_type": "text",
                "height": 25,
                "delta_height": 10,
                "fields": [
                    {
                        "field_type": "gap",
                        "delta_width": 60,
                        "width": 80
                    },
                    {
                        "field_type": "text",
                        "cost": 0.6,
                        "field_name": "category9",
                        "is_optional": true,
                        "delta_width": 55,
                        "width": 70
                    },
                    {
                        "field_type": "gap",
                        "delta_width": 150,
                        "width": 150
                    },
                    {
                        "field_type": "text",
                        "cost": 0.6,
                        "field_name": "field",
                        "is_optional": true,
                        "delta_width": 80,
                        "width": 80
                    },
                    {
                        "field_type": "gap",
                        "delta_width": 85,
                        "width": 85
                    },
                    {
                        "field_type": "text",
                        "cost": 0.6,
                        "field_name": "issue_date_9",
                        "is_optional": true,
                        "delta_width": 15,
                        "width": 105
                    },
                    {
                        "field_type": "gap",
                        "delta_width": 15,
                        "width": 25
                    },
                    {
                        "field_type": "text",
                        "cost": 0.6,
                        "field_name": "expiry_date_9",
                        "is_optional": true,
                        "delta_width": 15,
                        "width": 105
                    },
                    {
                        "field_type": "gap",
                        "delta_width": 40,
                        "width": 255
                    }
                ]
            },
            {
                "delta_height": 8,
                "line_type": "gap",
                "height": 15
            },
            {
                "line_type": "text",
                "height": 25,
                "delta_height": 10,
                "fields": [
                    {
                        "field_type": "gap",
                        "delta_width": 60,
                        "width": 80
                    },
                    {
                        "field_type": "text",
                        "cost": 0.6,
                        "field_name": "category10",
                        "is_optional": true,
                        "delta_width": 55,
                        "width": 70
                    },
                    {
                        "field_type": "gap",
                        "delta_width": 150,
                        "width": 150
                    },
                    {
                        "field_type": "text",
                        "cost": 0.6,
                        "field_name": "field",
                        "is_optional": true,
                        "delta_width": 80,
                        "width": 80
                    },
                    {
                        "field_type": "gap",
                        "delta_width": 85,
                        "width": 85
                    },
                    {
                        "field_type": "text",
                        "cost": 0.6,
                        "field_name": "issue_date_10",
                        "is_optional": true,
                        "delta_width": 15,
                        "width": 105
                    },
                    {
                        "field_type": "gap",
                        "delta_width": 15,
                        "width": 25
                    },
                    {
                        "field_type": "text",
                        "cost": 0.6,
                        "field_name": "expiry_date_10",
                        "is_optional": true,
                        "delta_width": 15,
                        "width": 105
                    },
                    {
                        "field_type": "gap",
                        "delta_width": 40,
                        "width": 255
                    }
                ]
            },
            {
                "delta_height": 8,
                "line_type": "gap",
                "height": 15
            },
            {
                "line_type": "text",
                "height": 25,
                "delta_height": 10,
                "fields": [
                    {
                        "field_type": "gap",
                        "delta_width": 60,
                        "width": 80
                    },
                    {
                        "field_type": "text",
                        "cost": 0.6,
                        "field_name": "category11",
                        "is_optional": true,
                        "delta_width": 55,
                        "width": 70
                    },
                    {
                        "field_type": "gap",
                        "delta_width": 150,
                        "width": 150
                    },
                    {
                        "field_type": "text",
                        "cost": 0.6,
                        "field_name": "field",
                        "is_optional": true,
                        "delta_width": 80,
                        "width": 80
                    },
                    {
                        "field_type": "gap",
                        "delta_width": 85,
                        "width": 85
                    },
                    {
                        "field_type": "text",
                        "cost": 0.6,
                        "field_name": "issue_date_11",
                        "is_optional": true,
                        "delta_width": 15,
                        "width": 105
                    },
                    {
                        "field_type": "gap",
                        "delta_width": 15,
                        "width": 25
                    },
                    {
                        "field_type": "text",
                        "cost": 0.6,
                        "field_name": "expiry_date_11",
                        "is_optional": true,
                        "delta_width": 15,
                        "width": 105
                    },
                    {
                        "field_type": "gap",
                        "delta_width": 40,
                        "width": 255
                    }
                ]
            },
            {
                "delta_height": 8,
                "line_type": "gap",
                "height": 15
            },
            {
                "line_type": "text",
                "height": 25,
                "delta_height": 10,
                "fields": [
                    {
                        "field_type": "gap",
                        "delta_width": 60,
                        "width": 80
                    },
                    {
                        "field_type": "text",
                        "cost": 0.6,
                        "field_name": "category12",
                        "is_optional": true,
                        "delta_width": 55,
                        "width": 70
                    },
                    {
                        "field_type": "gap",
                        "delta_width": 150,
                        "width": 150
                    },
                    {
                        "field_type": "text",
                        "cost": 0.6,
                        "field_name": "field",
                        "is_optional": true,
                        "delta_width": 80,
                        "width": 80
                    },
                    {
                        "field_type": "gap",
                        "delta_width": 85,
                        "width": 85
                    },
                    {
                        "field_type": "text",
                        "cost": 0.6,
                        "field_name": "issue_date_12",
                        "is_optional": true,
                        "delta_width": 15,
                        "width": 105
                    },
                    {
                        "field_type": "gap",
                        "delta_width": 15,
                        "width": 25
                    },
                    {
                        "field_type": "text",
                        "cost": 0.6,
                        "field_name": "expiry_date_12",
                        "is_optional": true,
                        "delta_width": 15,
                        "width": 105
                    },
                    {
                        "field_type": "gap",
                        "delta_width": 40,
                        "width": 255
                    }
                ]
            },
            {
                "delta_height": 8,
                "line_type": "gap",
                "height": 15
            },
            {
                "line_type": "text",
                "height": 25,
                "delta_height": 10,
                "fields": [
                    {
                        "field_type": "gap",
                        "delta_width": 60,
                        "width": 80
                    },
                    {
                        "field_type": "text",
                        "cost": 0.6,
                        "field_name": "category13",
                        "is_optional": true,
                        "delta_width": 55,
                        "width": 70
                    },
                    {
                        "field_type": "gap",
                        "delta_width": 150,
                        "width": 150
                    },
                    {
                        "field_type": "text",
                        "cost": 0.6,
                        "field_name": "field",
                        "is_optional": true,
                        "delta_width": 80,
                        "width": 80
                    },
                    {
                        "field_type": "gap",
                        "delta_width": 85,
                        "width": 85
                    },
                    {
                        "field_type": "text",
                        "cost": 0.6,
                        "field_name": "issue_date_13",
                        "is_optional": true,
                        "delta_width": 15,
                        "width": 105
                    },
                    {
                        "field_type": "gap",
                        "delta_width": 15,
                        "width": 25
                    },
                    {
                        "field_type": "text",
                        "cost": 0.6,
                        "field_name": "expiry_date_13",
                        "is_optional": true,
                        "delta_width": 15,
                        "width": 105
                    },
                    {
                        "field_type": "gap",
                        "delta_width": 40,
                        "width": 255
                    }
                ]
            },
            {
                "delta_height": 425,
                "line_type": "gap",
                "height": 425
            },
            {
                "line_type": "text",
                "height": 25,
                "delta_height": 10,
                "fields": [
                    {
                        "field_type": "gap",
                        "delta_width": 50,
                        "width": 460
                    },
                    {
                        "field_type": "text",
                        "cost": 1,
                        "field_name": "lic_number",
                        "is_optional": false,
                        "delta_width": 15,
                        "width": 165
                    },
                    {
                        "field_type": "gap",
                        "delta_width": 15,
                        "width": 55
                    }
                ]
            },
            {
                "delta_height": 10,
                "line_type": "gap",
                "height": 17
            }
        ]
    }
}