{
    "type": "dynamic",
    "settings": {
        "preprocessing": {
            "processing_steps": [
                {
                    "type": "blink_removing",
                    "settings": {
                        "blink_removing_percent": 0.1
                    }
                },
                {
                    "type": "background_closing",
                    "settings": {
                        "background_closing_wy": 4,
                        "background_closing_wx": 4
                    }
                },
                {
                    "type": "morphology_open",
                    "settings": {
                        "morphology_open_wy": 0,
                        "morphology_open_wx": 5
                    }
                },
                {
                    "type": "morphology_close",
                    "settings": {
                        "morphology_close_wy": 3,
                        "morphology_close_wx": 3
                    }
                },
                {
                    "type": "autocontrast",
                    "settings": {
                        "autocontrast_satur_white": 0.05,
                        "autocontrast_satur_black": 0.01
                    }
                },
                {
                    "type": "angle_detection",
                    "settings": {
                        "width_downscale": 0.5,
                        "height_downscale": 1.0
                    }
                }
            ],
            "settings": {}
        },
        "settings": {
            "grid_step_y": 1,
            "grid_step_x": 1,
            "gap_right": 7,
            "gap_left": 7,
            "gap_bot": 6,
            "gap_top": 6,
            "score_type": "otsu",
            "rejection_threshold": 0.15,
            "default_gap_dp_cost": 0.0,
            "default_gap_otsu_cost": 0.7,
            "local_otsu_window_wing": -1
        },
        "layout": [
            {
                "delta_height": 30,
                "line_type": "gap",
                "height": 30
            },
            {
                "line_type": "text",
                "height": 20,
                "delta_height": 5,
                "fields": [
                    {
                        "field_type": "gap",
                        "delta_width": 35,
                        "width": 40
                    },
                    {
                        "field_type": "text",
                        "cost": 0.6,
                        "field_name": "issue_date_category_b",
                        "is_optional": true,
                        "delta_width": 15,
                        "width": 110
                    },
                    {
                        "field_type": "gap",
                        "delta_width": 18,
                        "width": 25
                    },
                    {
                        "field_type": "text",
                        "cost": 0.6,
                        "field_name": "expiry_date_category_b",
                        "is_optional": true,
                        "delta_width": 15,
                        "width": 110
                    },
                    {
                        "field_type": "gap",
                        "delta_width": 70,
                        "width": 70
                    }
                ]
            },
            {
                "delta_height": 7,
                "line_type": "gap",
                "height": 16
            },
            {
                "line_type": "text",
                "height": 20,
                "delta_height": 5,
                "fields": [
                    {
                        "field_type": "gap",
                        "delta_width": 35,
                        "width": 40
                    },
                    {
                        "field_type": "text",
                        "cost": 0.6,
                        "field_name": "issue_date_category_b1",
                        "is_optional": true,
                        "delta_width": 15,
                        "width": 110
                    },
                    {
                        "field_type": "gap",
                        "delta_width": 18,
                        "width": 25
                    },
                    {
                        "field_type": "text",
                        "cost": 0.6,
                        "field_name": "expiry_date_category_b1",
                        "is_optional": true,
                        "delta_width": 15,
                        "width": 110
                    },
                    {
                        "field_type": "gap",
                        "delta_width": 70,
                        "width": 70
                    }
                ]
            },
            {
                "delta_height": 7,
                "line_type": "gap",
                "height": 16
            },
            {
                "line_type": "text",
                "height": 20,
                "delta_height": 5,
                "fields": [
                    {
                        "field_type": "gap",
                        "delta_width": 35,
                        "width": 40
                    },
                    {
                        "field_type": "text",
                        "cost": 0.6,
                        "field_name": "issue_date_category_fklnp",
                        "is_optional": true,
                        "delta_width": 15,
                        "width": 110
                    },
                    {
                        "field_type": "gap",
                        "delta_width": 18,
                        "width": 25
                    },
                    {
                        "field_type": "text",
                        "cost": 0.6,
                        "field_name": "expiry_date_category_fklnp",
                        "is_optional": true,
                        "delta_width": 15,
                        "width": 110
                    },
                    {
                        "field_type": "gap",
                        "delta_width": 70,
                        "width": 70
                    }
                ]
            },
            {
                "delta_height": 50,
                "line_type": "gap",
                "height": 50
            }
        ]
    }
}