{
    "type": "dynamic",
    "settings": {
        "preprocessing": {
            "processing_steps": [
                {
                      "type": "nn_img_processing",
                      "settings": {
                        "layer_applier": {"nn_path": ":/recstr/special_nn/vert_sgm_main.pb"},
                        "scale_x": 1.0,
                        "scale_y": 1.0
                      }
                },
                {
                    "type": "angle_detection",
                    "settings": {
                        "width_downscale": 0.5,
                        "height_downscale": 1.0
                    }
                }
            ],
            "settings": {}
        },
        "settings": {
            "grid_step_y": 1,
            "grid_step_x": 1,
            "gap_right": 19,
            "gap_left": 12,
            "gap_bot": 9,
            "gap_top": 7,
            "score_type": "otsu",
            "rejection_threshold": 0.15,
            "default_gap_dp_cost": 0.0,
            "default_gap_otsu_cost": 0.7,
            "local_otsu_window_wing": -1
        },
        "layout": [
            {
                "delta_height": 25,
                "line_type": "gap",
                "height": 30
            },
            {
                "line_type": "text",
                "height": 25,
                "delta_height": 7,
                "fields": [
                    {
                        "field_type": "gap",
                        "delta_width": 10,
                        "width": 30
                    },
                    {
                        "field_type": "text",
                        "cost": 1,
                        "field_name": "surname",
                        "is_optional": false,
                        "delta_width": 310,
                        "width": 340
                    },
                    {
                        "field_type": "gap",
                        "delta_width": 300,
                        "width": 510
                    }
                ]
            },
            {
                "delta_height": 13,
                "line_type": "gap",
                "height": 15
            },
            {
                "line_type": "text",
                "height": 25,
                "delta_height": 7,
                "fields": [
                    {
                        "field_type": "gap",
                        "delta_width": 10,
                        "width": 30
                    },
                    {
                        "field_type": "text",
                        "cost": 1,
                        "field_name": "name",
                        "is_optional": false,
                        "delta_width": 310,
                        "width": 340
                    },
                    {
                        "field_type": "gap",
                        "delta_width": 300,
                        "width": 510
                    }
                ]
            },
            {
                "delta_height": 13,
                "line_type": "gap",
                "height": 15
            },
            {
                "line_type": "text",
                "height": 25,
                "delta_height": 7,
                "fields": [
                    {
                        "field_type": "gap",
                        "delta_width": 10,
                        "width": 30
                    },
                    {
                        "field_type": "text",
                        "cost": 0.6,
                        "field_name": "name2",
                        "is_optional": true,
                        "delta_width": 310,
                        "width": 340
                    },
                    {
                        "field_type": "gap",
                        "delta_width": 300,
                        "width": 510
                    }
                ]
            },
            {
                "delta_height": 13,
                "line_type": "gap",
                "height": 15
            },
            {
                "line_type": "text",
                "height": 25,
                "delta_height": 7,
                "fields": [
                    {
                        "field_type": "gap",
                        "delta_width": 10,
                        "width": 30
                    },
                    {
                        "field_type": "text",
                        "cost": 1,
                        "field_name": "birth_place_and_birth_date",
                        "is_optional": false,
                        "delta_width": 300,
                        "width": 470
                    },
                    {
                        "field_type": "gap",
                        "delta_width": 295,
                        "width": 380
                    }
                ]
            },
            {
                "delta_height": 10,
                "line_type": "gap",
                "height": 15
            },
            {
                "line_type": "text",
                "height": 25,
                "delta_height": 7,
                "fields": [
                    {
                        "field_type": "gap",
                        "delta_width": 10,
                        "width": 35
                    },
                    {
                        "field_type": "text",
                        "cost": 1,
                        "field_name": "issue_expiry_date",
                        "is_optional": false,
                        "delta_width": 10,
                        "width": 245
                    },
                    {
                        "field_type": "gap",
                        "delta_width": 10,
                        "width": 60
                    },
                    {
                        "field_type": "text",
                        "cost": 1,
                        "field_name": "authority",
                        "is_optional": false,
                        "delta_width": 140,
                        "width": 170
                    },
                    {
                        "field_type": "gap",
                        "delta_width": 135,
                        "width": 200
                    }
                ]
            },
            {
                "delta_height": 17,
                "line_type": "gap",
                "height": 25
            },
            {
                "line_type": "text",
                "height": 25,
                "delta_height": 7,
                "fields": [
                    {
                        "field_type": "gap",
                        "delta_width": 10,
                        "width": 195
                    },
                    {
                        "field_type": "text",
                        "cost": 1,
                        "field_name": "number",
                        "is_optional": false,
                        "delta_width": 30,
                        "width": 320
                    },
                    {
                        "field_type": "gap",
                        "delta_width": 30,
                        "width": 90
                    }
                ]
            },
            {
                "delta_height": 90,
                "line_type": "gap",
                "height": 180
            },
            {
                "line_type": "text",
                "height": 20,
                "delta_height": 7,
                "fields": [
                    {
                        "field_type": "gap",
                        "delta_width": 10,
                        "width": 30
                    },
                    {
                        "field_type": "text",
                        "cost": 1,
                        "field_name": "residence1",
                        "is_optional": false,
                        "delta_width": 470,
                        "width": 490
                    },
                    {
                        "field_type": "gap",
                        "delta_width": 470,
                        "width": 490
                    }
                ]
            },
            {
                "delta_height": 5,
                "line_type": "gap",
                "height": 15
            },
            {
                "line_type": "text",
                "height": 20,
                "delta_height": 7,
                "fields": [
                    {
                        "field_type": "gap",
                        "delta_width": 10,
                        "width": 30
                    },
                    {
                        "field_type": "text",
                        "cost": 0.6,
                        "field_name": "residence2",
                        "is_optional": true,
                        "delta_width": 470,
                        "width": 490
                    },
                    {
                        "field_type": "gap",
                        "delta_width": 470,
                        "width": 490
                    }
                ]
            },
            {
                "delta_height": 5,
                "line_type": "gap",
                "height": 15
            },
            {
                "line_type": "text",
                "height": 20,
                "delta_height": 7,
                "fields": [
                    {
                        "field_type": "gap",
                        "delta_width": 10,
                        "width": 30
                    },
                    {
                        "field_type": "text",
                        "cost": 0.6,
                        "field_name": "residence3",
                        "is_optional": true,
                        "delta_width": 470,
                        "width": 490
                    },
                    {
                        "field_type": "gap",
                        "delta_width": 470,
                        "width": 490
                    }
                ]
            },
            {
                "delta_height": 35,
                "line_type": "gap",
                "height": 40
            }
        ]
    }
}