{
    "type": "dynamic",
    "settings": {
        "preprocessing": {
            "processing_steps": [
                {
                      "type": "nn_img_processing",
                      "settings": {
                        "layer_applier": {"nn_path": ":/recstr/special_nn/vert_sgm_main.pb"},
                        "scale_x": 1.0,
                        "scale_y": 1.0
                      }
                },
                {
                    "type": "autocontrast",
                    "settings": {
                        "autocontrast_satur_white": 0.05,
                        "autocontrast_satur_black": 0.01
                    }
                }
            ],
            "settings": {}
        },
        "settings": {
            "grid_step_y": 1,
            "grid_step_x": 1,
            "gap_right": 12,
            "gap_left": 10,
            "gap_bot": 7,
            "gap_top": 7,
            "score_type": "otsu",
            "rejection_threshold": 0.15,
            "default_gap_dp_cost": 0.0,
            "default_gap_otsu_cost": 0.7,
            "local_otsu_window_wing": -1
        },
        "layout": [
            {
                "delta_height": 40,
                "line_type": "gap",
                "height": 40
            },
            {
                "line_type": "text",
                "height": 28,
                "delta_height": 6,
                "fields": [
                    {
                        "field_type": "gap",
                        "delta_width": 30,
                        "width": 60
                    },
                    {
                        "field_type": "text",
                        "cost": 1.0,
                        "field_name": "last_name",
                        "is_optional": false,
                        "delta_width": 500,
                        "width": 560
                    },
                    {
                        "field_type": "gap",
                        "delta_width": 550,
                        "width": 550
                    }
                ]
            },
            {
                "delta_height": 20,
                "line_type": "gap",
                "height": 20
            },
            {
                "line_type": "text",
                "height": 28,
                "delta_height": 6,
                "fields": [
                    {
                        "field_type": "gap",
                        "delta_width": 30,
                        "width": 60
                    },
                    {
                        "field_type": "text",
                        "cost": 1.0,
                        "field_name": "name",
                        "is_optional": false,
                        "delta_width": 500,
                        "width": 560
                    },
                    {
                        "field_type": "gap",
                        "delta_width": 550,
                        "width": 550
                    }
                ]
            },
            {
                "delta_height": 30,
                "line_type": "gap",
                "height": 50
            },
            {
                "line_type": "text",
                "height": 25,
                "delta_height": 6,
                "fields": [
                    {
                        "field_type": "gap",
                        "delta_width": 30,
                        "width": 60
                    },
                    {
                        "field_type": "text",
                        "cost": 1.0,
                        "field_name": "expiry_date",
                        "is_optional": false,
                        "delta_width": 30,
                        "width": 140
                    },
                    {
                        "field_type": "gap",
                        "delta_width": 100,
                        "width": 460
                    }
                ]
            },
            {
                "delta_height": 30,
                "line_type": "gap",
                "height": 50
            },
            {
                "line_type": "text",
                "height": 25,
                "delta_height": 6,
                "fields": [
                    {
                        "field_type": "gap",
                        "delta_width": 30,
                        "width": 60
                    },
                    {
                        "field_type": "text",
                        "cost": 1.0,
                        "field_name": "issue_date_and_place",
                        "is_optional": false,
                        "delta_width": 200,
                        "width": 290
                    },
                    {
                        "field_type": "gap",
                        "delta_width": 400,
                        "width": 450
                    }
                ]
            },
            {
                "delta_height": 20,
                "line_type": "gap",
                "height": 50
            },
            {
                "line_type": "text",
                "height": 25,
                "delta_height": 6,
                "fields": [
                    {
                        "field_type": "gap",
                        "delta_width": 30,
                        "width": 60
                    },
                    {
                        "field_type": "text",
                        "cost": 0.6,
                        "field_name": "type_of_permit_line0",
                        "is_optional": true,
                        "delta_width": 500,
                        "width": 560
                    },
                    {
                        "field_type": "gap",
                        "delta_width": 550,
                        "width": 550
                    }
                ]
            },
            {
                "delta_height": 20,
                "line_type": "gap",
                "height": 20
            },
            {
                "line_type": "text",
                "height": 25,
                "delta_height": 6,
                "fields": [
                    {
                        "field_type": "gap",
                        "delta_width": 30,
                        "width": 60
                    },
                    {
                        "field_type": "text",
                        "cost": 1.0,
                        "field_name": "type_of_permit_line1",
                        "is_optional": false,
                        "delta_width": 500,
                        "width": 560
                    },
                    {
                        "field_type": "gap",
                        "delta_width": 550,
                        "width": 550
                    }
                ]
            },
            {
                "delta_height": 20,
                "line_type": "gap",
                "height": 50
            },
            {
                "line_type": "text",
                "height": 28,
                "delta_height": 6,
                "fields": [
                    {
                        "field_type": "gap",
                        "delta_width": 30,
                        "width": 60
                    },
                    {
                        "field_type": "text",
                        "cost": 1.0,
                        "field_name": "remarks_line0",
                        "is_optional": false,
                        "delta_width": 500,
                        "width": 560
                    },
                    {
                        "field_type": "gap",
                        "delta_width": 550,
                        "width": 550
                    }
                ]
            },
            {
                "delta_height": 20,
                "line_type": "gap",
                "height": 20
            },
            {
                "line_type": "text",
                "height": 28,
                "delta_height": 6,
                "fields": [
                    {
                        "field_type": "gap",
                        "delta_width": 30,
                        "width": 60
                    },
                    {
                        "field_type": "text",
                        "cost": 0.6,
                        "field_name": "remarks_line1",
                        "is_optional": true,
                        "delta_width": 500,
                        "width": 560
                    },
                    {
                        "field_type": "gap",
                        "delta_width": 550,
                        "width": 550
                    }
                ]
            },
            {
                "delta_height": 20,
                "line_type": "gap",
                "height": 20
            },
            {
                "line_type": "text",
                "height": 28,
                "delta_height": 6,
                "fields": [
                    {
                        "field_type": "gap",
                        "delta_width": 30,
                        "width": 60
                    },
                    {
                        "field_type": "text",
                        "cost": 0.6,
                        "field_name": "remarks_line2",
                        "is_optional": true,
                        "delta_width": 500,
                        "width": 560
                    },
                    {
                        "field_type": "gap",
                        "delta_width": 550,
                        "width": 550
                    }
                ]
            },
            {
                "delta_height": 20,
                "line_type": "gap",
                "height": 20
            },
            {
                "line_type": "text",
                "height": 28,
                "delta_height": 6,
                "fields": [
                    {
                        "field_type": "gap",
                        "delta_width": 30,
                        "width": 60
                    },
                    {
                        "field_type": "text",
                        "cost": 0.6,
                        "field_name": "remarks_line3",
                        "is_optional": true,
                        "delta_width": 500,
                        "width": 560
                    },
                    {
                        "field_type": "gap",
                        "delta_width": 550,
                        "width": 550
                    }
                ]
            },
            {
                "delta_height": 40,
                "line_type": "gap",
                "height": 40
            }
        ]
    }
}