{
    "type": "dynamic",
    "settings": {
        "preprocessing": {
            "processing_steps": [
                {
                      "type": "nn_img_processing",
                      "settings": {
                        "layer_applier": {"nn_path": ":/recstr/special_nn/vert_sgm_main.pb"},
                        "scale_x": 1.0,
                        "scale_y": 1.0
                      }
                },
                {
                    "type": "autocontrast",
                    "settings": {
                        "autocontrast_satur_white": 0.05,
                        "autocontrast_satur_black": 0.01
                    }
                }
            ],
            "settings": {}
        },
        "settings": {
            "grid_step_y": 1,
            "grid_step_x": 1,
            "gap_right": 12,
            "gap_left": 10,
            "gap_bot": 7,
            "gap_top": 7,
            "score_type": "otsu",
            "rejection_threshold": 0.15,
            "default_gap_dp_cost": 0.0,
            "default_gap_otsu_cost": 0.7,
            "local_otsu_window_wing": -1
        },
        "layout": [
            {
                "delta_height": 40,
                "line_type": "gap",
                "height": 40
            },
            {
                "line_type": "text",
                "height": 25,
                "delta_height": 6,
                "fields": [
                    {
                        "field_type": "gap",
                        "delta_width": 30,
                        "width": 50
                    },
                    {
                        "field_type": "text",
                        "cost": 1.0,
                        "field_name": "birth_date",
                        "is_optional": false,
                        "delta_width": 30,
                        "width": 150
                    },
                    {
                        "field_type": "gap",
                        "delta_width": 40,
                        "width": 400
                    }
                ]
            },
            {
                "delta_height": 20,
                "line_type": "gap",
                "height": 20
            },
            {
                "line_type": "text",
                "height": 25,
                "delta_height": 6,
                "fields": [
                    {
                        "field_type": "gap",
                        "delta_width": 30,
                        "width": 50
                    },
                    {
                        "field_type": "text",
                        "cost": 1.0,
                        "field_name": "birth_place",
                        "is_optional": false,
                        "delta_width": 300,
                        "width": 390
                    },
                    {
                        "field_type": "gap",
                        "delta_width": 370,
                        "width": 400
                    }
                ]
            },
            {
                "delta_height": 20,
                "line_type": "gap",
                "height": 50
            },
            {
                "line_type": "text",
                "height": 25,
                "delta_height": 6,
                "fields": [
                    {
                        "field_type": "gap",
                        "delta_width": 30,
                        "width": 50
                    },
                    {
                        "field_type": "text",
                        "cost": 1.0,
                        "field_name": "gender",
                        "is_optional": false,
                        "delta_width": 30,
                        "width": 40
                    },
                    {
                        "field_type": "gap",
                        "delta_width": 30,
                        "width": 100
                    },
                    {
                        "field_type": "text",
                        "cost": 1.0,
                        "field_name": "nationality",
                        "is_optional": false,
                        "delta_width": 200,
                        "width": 240
                    },
                    {
                        "field_type": "gap",
                        "delta_width": 300,
                        "width": 370
                    }
                ]
            },
            {
                "delta_height": 20,
                "line_type": "gap",
                "height": 50
            },
            {
                "line_type": "text",
                "height": 25,
                "delta_height": 6,
                "fields": [
                    {
                        "field_type": "gap",
                        "delta_width": 30,
                        "width": 50
                    },
                    {
                        "field_type": "text",
                        "cost": 1.0,
                        "field_name": "remarks_back_line0",
                        "is_optional": false,
                        "delta_width": 390,
                        "width": 440
                    },
                    {
                        "field_type": "gap",
                        "delta_width": 300,
                        "width": 370
                    }
                ]
            },
            {
                "delta_height": 20,
                "line_type": "gap",
                "height": 20
            },
            {
                "line_type": "text",
                "height": 25,
                "delta_height": 6,
                "fields": [
                    {
                        "field_type": "gap",
                        "delta_width": 30,
                        "width": 50
                    },
                    {
                        "field_type": "text",
                        "cost": 0.6,
                        "field_name": "remarks_back_line1",
                        "is_optional": true,
                        "delta_width": 300,
                        "width": 440
                    },
                    {
                        "field_type": "gap",
                        "delta_width": 300,
                        "width": 370
                    }
                ]
            },
            {
                "delta_height": 20,
                "line_type": "gap",
                "height": 20
            },
            {
                "line_type": "text",
                "height": 25,
                "delta_height": 6,
                "fields": [
                    {
                        "field_type": "gap",
                        "delta_width": 30,
                        "width": 50
                    },
                    {
                        "field_type": "text",
                        "cost": 0.6,
                        "field_name": "remarks_back_line2",
                        "is_optional": true,
                        "delta_width": 300,
                        "width": 440
                    },
                    {
                        "field_type": "gap",
                        "delta_width": 300,
                        "width": 370
                    }
                ]
            },
            {
                "delta_height": 50,
                "line_type": "gap",
                "height": 50
            }
        ]
    }
}