{
    "type": "dynamic",
    "settings": {
        "preprocessing": {
            "processing_steps": [
                {
                      "type": "nn_img_processing",
                      "settings": {
                        "layer_applier": {"nn_path": ":/recstr/special_nn/vert_sgm_main.pb"},
                        "scale_x": 1.0,
                        "scale_y": 1.0
                      }
                },
                {
                    "type": "angle_detection",
                    "settings": {
                        "width_downscale": 0.5,
                        "height_downscale": 1.0
                    }
                }
            ],
            "settings": {}
        },
        "settings": {
            "grid_step_y": 1,
            "grid_step_x": 1,
            "gap_right": 10,
            "gap_left": 10,
            "gap_bot": 7,
            "gap_top": 10,
            "score_type": "otsu",
            "rejection_threshold": 0.15,
            "default_gap_dp_cost": 0.0,
            "default_gap_otsu_cost": 0.7,
            "local_otsu_window_wing": -1
        },
        "layout": [
            {
                "delta_height": 60,
                "line_type": "gap",
                "height": 65
            },
            {
                "line_type": "text",
                "height": 25,
                "delta_height": 10,
                "fields": [
                    {
                        "field_type": "gap",
                        "delta_width": 10,
                        "width": 80
                    },
                    {
                        "field_type": "text",
                        "cost": 1,
                        "field_name": "surname",
                        "is_optional": false,
                        "delta_width": 470,
                        "width": 500
                    },
                    {
                        "field_type": "gap",
                        "delta_width": 470,
                        "width": 500
                    }
                ]
            },
            {
                "delta_height": 15,
                "line_type": "gap",
                "height": 20
            },
            {
                "line_type": "text",
                "height": 25,
                "delta_height": 10,
                "fields": [
                    {
                        "field_type": "gap",
                        "delta_width": 10,
                        "width": 80
                    },
                    {
                        "field_type": "text",
                        "cost": 1,
                        "field_name": "name",
                        "is_optional": false,
                        "delta_width": 470,
                        "width": 500
                    },
                    {
                        "field_type": "gap",
                        "delta_width": 470,
                        "width": 500
                    }
                ]
            },
            {
                "delta_height": 15,
                "line_type": "gap",
                "height": 20
            },
            {
                "line_type": "text",
                "height": 25,
                "delta_height": 10,
                "fields": [
                    {
                        "field_type": "gap",
                        "delta_width": 10,
                        "width": 80
                    },
                    {
                        "field_type": "text",
                        "cost": 0.6,
                        "field_name": "name2",
                        "is_optional": true,
                        "delta_width": 470,
                        "width": 500
                    },
                    {
                        "field_type": "gap",
                        "delta_width": 470,
                        "width": 500
                    }
                ]
            },
            {
                "delta_height": 15,
                "line_type": "gap",
                "height": 20
            },
            {
                "line_type": "text",
                "height": 25,
                "delta_height": 10,
                "fields": [
                    {
                        "field_type": "gap",
                        "delta_width": 10,
                        "width": 80
                    },
                    {
                        "field_type": "text",
                        "cost": 1,
                        "field_name": "birth_place_and_birth_date",
                        "is_optional": false,
                        "delta_width": 420,
                        "width": 500
                    },
                    {
                        "field_type": "gap",
                        "delta_width": 470,
                        "width": 500
                    }
                ]
            },
            {
                "delta_height": 15,
                "line_type": "gap",
                "height": 20
            },
            {
                "line_type": "text",
                "height": 25,
                "delta_height": 10,
                "fields": [
                    {
                        "field_type": "gap",
                        "delta_width": 10,
                        "width": 80
                    },
                    {
                        "field_type": "text",
                        "cost": 1,
                        "field_name": "issue_date",
                        "is_optional": false,
                        "delta_width": 30,
                        "width": 130
                    },
                    {
                        "field_type": "gap",
                        "delta_width": 15,
                        "width": 70
                    },
                    {
                        "field_type": "text",
                        "cost": 1,
                        "field_name": "expiry_date",
                        "is_optional": false,
                        "delta_width": 30,
                        "width": 130
                    },
                    {
                        "field_type": "gap",
                        "delta_width": 15,
                        "width": 70
                    },
                    {
                        "field_type": "text",
                        "cost": 1,
                        "field_name": "authority",
                        "is_optional": false,
                        "delta_width": 90,
                        "width": 120
                    },
                    {
                        "field_type": "gap",
                        "delta_width": 120,
                        "width": 170
                    }
                ]
            },
            {
                "delta_height": 15,
                "line_type": "gap",
                "height": 20
            },
            {
                "line_type": "text",
                "height": 25,
                "delta_height": 10,
                "fields": [
                    {
                        "field_type": "gap",
                        "delta_width": 15,
                        "width": 80
                    },
                    {
                        "field_type": "text",
                        "cost": 1,
                        "field_name": "number",
                        "is_optional": false,
                        "delta_width": 50,
                        "width": 320
                    },
                    {
                        "field_type": "gap",
                        "delta_width": 40,
                        "width": 260
                    }
                ]
            },
            {
                "delta_height": 20,
                "line_type": "gap",
                "height": 110
            },
            {
                "line_type": "text",
                "height": 25,
                "delta_height": 10,
                "fields": [
                    {
                        "field_type": "gap",
                        "delta_width": 10,
                        "width": 80
                    },
                    {
                        "field_type": "text",
                        "cost": 1,
                        "field_name": "residence1",
                        "is_optional": false,
                        "delta_width": 430,
                        "width": 520
                    },
                    {
                        "field_type": "gap",
                        "delta_width": 420,
                        "width": 500
                    }
                ]
            },
            {
                "delta_height": 15,
                "line_type": "gap",
                "height": 20
            },
            {
                "line_type": "text",
                "height": 25,
                "delta_height": 10,
                "fields": [
                    {
                        "field_type": "gap",
                        "delta_width": 10,
                        "width": 80
                    },
                    {
                        "field_type": "text",
                        "cost": 0.6,
                        "field_name": "residence2",
                        "is_optional": true,
                        "delta_width": 400,
                        "width": 490
                    },
                    {
                        "field_type": "gap",
                        "delta_width": 400,
                        "width": 500
                    }
                ]
            },
            {
                "delta_height": 70,
                "line_type": "gap",
                "height": 85
            }
        ]
    }
}