{
    "type": "dynamic",
    "settings": {
        "preprocessing": {
            "processing_steps": [
                {
                      "type": "nn_img_processing",
                      "settings": {
                        "layer_applier": {"nn_path": ":/recstr/special_nn/vert_sgm_main.pb"},
                        "scale_x": 1.0,
                        "scale_y": 1.0
                      }
                },
                {
                    "type": "angle_detection",
                    "settings": {
                        "width_downscale": 0.5,
                        "height_downscale": 1.0
                    }
                }
            ],
            "settings": {}
        },
        "settings": {
            "grid_step_y": 1,
            "grid_step_x": 1,
            "gap_right": 12,
            "gap_left": 10,
            "gap_bot": 7,
            "gap_top": 7,
            "score_type": "otsu",
            "rejection_threshold": 0.15,
            "default_gap_dp_cost": 0.0,
            "default_gap_otsu_cost": 0.7,
            "local_otsu_window_wing": -1
        },
        "layout": [
            {
                "delta_height": 15,
                "line_type": "gap",
                "height": 20
            },
            {
                "line_type": "text",
                "height": 22,
                "delta_height": 6,
                "fields": [
                    {
                        "field_type": "gap",
                        "delta_width": 20,
                        "width": 340
                    },
                    {
                        "field_type": "text",
                        "cost": 1.0,
                        "field_name": "number",
                        "is_optional": false,
                        "delta_width": 20,
                        "width": 150
                    },
                    {
                        "field_type": "gap",
                        "delta_width": 30,
                        "width": 70
                    }
                ]
            },
            {
                "delta_height": 25,
                "line_type": "gap",
                "height": 40
            },
            {
                "line_type": "text",
                "height": 22,
                "delta_height": 6,
                "fields": [
                    {
                        "field_type": "gap",
                        "delta_width": 20,
                        "width": 30
                    },
                    {
                        "field_type": "text",
                        "cost": 1.0,
                        "field_name": "last_name",
                        "is_optional": false,
                        "delta_width": 380,
                        "width": 420,
                        "gap_right": 15
                    },
                    {
                        "field_type": "gap",
                        "delta_width": 400,
                        "width": 440
                    }
                ]
            },
            {
                "delta_height": 15,
                "line_type": "gap",
                "height": 30
            },
            {
                "line_type": "text",
                "height": 22,
                "delta_height": 6,
                "fields": [
                    {
                        "field_type": "gap",
                        "delta_width": 20,
                        "width": 30
                    },
                    {
                        "field_type": "text",
                        "cost": 1.0,
                        "field_name": "name",
                        "is_optional": false,
                        "delta_width": 360,
                        "width": 420
                    },
                    {
                        "field_type": "gap",
                        "delta_width": 400,
                        "width": 440
                    }
                ]
            },
            {
                "delta_height": 25,
                "line_type": "gap",
                "height": 40
            },
            {
                "line_type": "text",
                "height": 22,
                "delta_height": 6,
                "fields": [
                    {
                        "field_type": "gap",
                        "delta_width": 20,
                        "width": 30
                    },
                    {
                        "field_type": "text",
                        "cost": 1.0,
                        "field_name": "nationality",
                        "is_optional": false,
                        "delta_width": 300,
                        "width": 420
                    },
                    {
                        "field_type": "gap",
                        "delta_width": 380,
                        "width": 400
                    }
                ]
            },
            {
                "delta_height": 25,
                "line_type": "gap",
                "height": 40
            },
            {
                "line_type": "text",
                "height": 22,
                "delta_height": 6,
                "fields": [
                    {
                        "field_type": "gap",
                        "delta_width": 20,
                        "width": 30
                    },
                    {
                        "field_type": "text",
                        "cost": 1.0,
                        "field_name": "birth_date",
                        "is_optional": false,
                        "delta_width": 50,
                        "width": 215
                    },
                    {
                        "field_type": "gap",
                        "delta_width": 50,
                        "width": 350
                    }
                ]
            },
            {
                "delta_height": 25,
                "line_type": "gap",
                "height": 40
            },
            {
                "line_type": "text",
                "height": 22,
                "delta_height": 6,
                "fields": [
                    {
                        "field_type": "gap",
                        "delta_width": 20,
                        "width": 30
                    },
                    {
                        "field_type": "text",
                        "cost": 1.0,
                        "field_name": "gender",
                        "is_optional": false,
                        "delta_width": 30,
                        "width": 40
                    },
                    {
                        "field_type": "gap",
                        "delta_width": 30,
                        "width": 80
                    },
                    {
                        "field_type": "text",
                        "cost": 1.0,
                        "field_name": "birth_place",
                        "is_optional": false,
                        "delta_width": 320,
                        "width": 360,
                        "gap_right": 15
                    },
                    {
                        "field_type": "gap",
                        "delta_width": 380,
                        "width": 380
                    }
                ]
            },
            {
                "delta_height": 25,
                "line_type": "gap",
                "height": 40
            },
            {
                "line_type": "text",
                "height": 22,
                "delta_height": 6,
                "fields": [
                    {
                        "field_type": "gap",
                        "delta_width": 20,
                        "width": 30
                    },
                    {
                        "field_type": "text",
                        "cost": 1.0,
                        "field_name": "issue_date",
                        "is_optional": false,
                        "delta_width": 40,
                        "width": 230
                    },
                    {
                        "field_type": "gap",
                        "delta_width": 50,
                        "width": 90
                    },
                    {
                        "field_type": "text",
                        "cost": 1.0,
                        "field_name": "authority",
                        "is_optional": false,
                        "delta_width": 210,
                        "width": 250
                    },
                    {
                        "field_type": "gap",
                        "delta_width": 220,
                        "width": 220
                    }
                ]
            },
            {
                "delta_height": 25,
                "line_type": "gap",
                "height": 40
            },
            {
                "line_type": "text",
                "height": 22,
                "delta_height": 6,
                "fields": [
                    {
                        "field_type": "gap",
                        "delta_width": 20,
                        "width": 30
                    },
                    {
                        "field_type": "text",
                        "cost": 1.0,
                        "field_name": "expiry_date",
                        "is_optional": false,
                        "delta_width": 40,
                        "width": 240
                    },
                    {
                        "field_type": "gap",
                        "delta_width": 50,
                        "width": 350
                    }
                ]
            },
            {
                "delta_height": 70,
                "line_type": "gap",
                "height": 70
            }
        ]
    }
}