{
    "type": "dynamic",
    "settings": {
        "preprocessing": {
            "processing_steps": [
                {
                      "type": "nn_img_processing",
                      "settings": {
                        "layer_applier": {"nn_path": ":/recstr/special_nn/vert_sgm_main.pb"},
                        "scale_x": 1.0,
                        "scale_y": 1.0
                      }
                },
                {
                    "type": "angle_detection",
                    "settings": {
                        "width_downscale": 0.5,
                        "height_downscale": 1.0
                    }
                }
            ],
            "settings": {}
        },
        "settings": {
            "grid_step_y": 1,
            "grid_step_x": 1,
            "gap_right": 15,
            "gap_left": 10,
            "gap_bot": 6,
            "gap_top": 6,
            "score_type": "otsu",
            "rejection_threshold": 0.15,
            "default_gap_dp_cost": 0.0,
            "default_gap_otsu_cost": 0.7,
            "local_otsu_window_wing": -1
        },
        "layout": [
            {
                "delta_height": 40,
                "line_type": "gap",
                "height": 60
            },
            {
                "line_type": "text",
                "height": 25,
                "delta_height": 12,
                "fields": [
                    {
                        "field_type": "gap",
                        "delta_width": 50,
                        "width": 50
                    },
                    {
                        "field_type": "text",
                        "cost": 1.0,
                        "field_name": "type",
                        "is_optional": false,
                        "delta_width": 10,
                        "width": 20
                    },
                    {
                        "field_type": "gap",
                        "delta_width": 40,
                        "width": 140
                    }
                ]
            },
            {
                "delta_height": 45,
                "line_type": "gap",
                "height": 45
            }
        ]
    }
}