{
    "type": "dynamic",
    "settings": {
        "preprocessing": {
            "processing_steps": [
                {
                    "type": "blink_removing",
                    "settings": {
                        "blink_removing_percent": 0.1
                    }
                },
                {
                    "type": "background_closing",
                    "settings": {
                        "background_closing_wy": 10,
                        "background_closing_wx": 10
                    }
                },
                {
                    "type": "morphology_open",
                    "settings": {
                        "morphology_open_wy": 1,
                        "morphology_open_wx": 10
                    }
                },
                {
                    "type": "autocontrast",
                    "settings": {
                        "autocontrast_satur_white": 0.05,
                        "autocontrast_satur_black": 0.01
                    }
                },
                {
                    "type": "angle_detection",
                    "settings": {
                        "width_downscale": 0.5,
                        "height_downscale": 1.0
                    }
                }
            ],
            "settings": {}
        },
        "settings": {
            "grid_step_y": 1,
            "grid_step_x": 1,
            "gap_right": 12,
            "gap_left": 10,
            "gap_bot": 7,
            "gap_top": 7,
            "score_type": "otsu",
            "rejection_threshold": 0.15,
            "default_gap_dp_cost": 0.0,
            "default_gap_otsu_cost": 0.7,
            "local_otsu_window_wing": -1
        },
        "layout": [
            {
                "delta_height": 40,
                "line_type": "gap",
                "height": 60
            },
            {
                "line_type": "text",
                "height": 33,
                "delta_height": 6,
                "fields": [
                    {
                        "field_type": "gap",
                        "delta_width": 20,
                        "width": 35
                    },
                    {
                        "field_type": "text",
                        "cost": 1.0,
                        "field_name": "type",
                        "is_optional": false,
                        "delta_width": 25,
                        "width": 50
                    },
                    {
                        "field_type": "gap",
                        "delta_width": 20,
                        "width": 380
                    },
                    {
                        "field_type": "text",
                        "cost": 1.0,
                        "field_name": "number",
                        "is_optional": false,
                        "delta_width": 10,
                        "width": 220
                    },
                    {
                        "field_type": "gap",
                        "delta_width": 20,
                        "width": 150
                    }
                ]
            },
            {
                "delta_height": 10,
                "line_type": "gap",
                "height": 45
            },
            {
                "line_type": "text",
                "height": 33,
                "delta_height": 6,
                "fields": [
                    {
                        "field_type": "gap",
                        "delta_width": 20,
                        "width": 35
                    },
                    {
                        "field_type": "text",
                        "cost": 1.0,
                        "field_name": "last_name",
                        "is_optional": false,
                        "delta_width": 700,
                        "width": 720
                    },
                    {
                        "field_type": "gap",
                        "delta_width": 700,
                        "width": 730
                    }
                ]
            },
            {
                "delta_height": 10,
                "line_type": "gap",
                "height": 45
            },
            {
                "line_type": "text",
                "height": 33,
                "delta_height": 6,
                "fields": [
                    {
                        "field_type": "gap",
                        "delta_width": 20,
                        "width": 35
                    },
                    {
                        "field_type": "text",
                        "cost": 1.0,
                        "field_name": "name",
                        "is_optional": false,
                        "delta_width": 700,
                        "width": 720
                    },
                    {
                        "field_type": "gap",
                        "delta_width": 700,
                        "width": 730
                    }
                ]
            },
            {
                "delta_height": 10,
                "line_type": "gap",
                "height": 45
            },
            {
                "line_type": "text",
                "height": 33,
                "delta_height": 6,
                "fields": [
                    {
                        "field_type": "gap",
                        "delta_width": 20,
                        "width": 35
                    },
                    {
                        "field_type": "text",
                        "cost": 1.0,
                        "field_name": "nationality",
                        "is_optional": false,
                        "delta_width": 700,
                        "width": 720
                    },
                    {
                        "field_type": "gap",
                        "delta_width": 700,
                        "width": 730
                    }
                ]
            },
            {
                "delta_height": 10,
                "line_type": "gap",
                "height": 45
            },
            {
                "line_type": "text",
                "height": 33,
                "delta_height": 6,
                "fields": [
                    {
                        "field_type": "gap",
                        "delta_width": 20,
                        "width": 35
                    },
                    {
                        "field_type": "text",
                        "cost": 1.0,
                        "field_name": "birth_date",
                        "is_optional": false,
                        "delta_width": 10,
                        "width": 375
                    },
                    {
                        "field_type": "gap",
                        "delta_width": 30,
                        "width": 420
                    }
                ]
            },
            {
                "delta_height": 10,
                "line_type": "gap",
                "height": 45
            },
            {
                "line_type": "text",
                "height": 33,
                "delta_height": 6,
                "fields": [
                    {
                        "field_type": "gap",
                        "delta_width": 20,
                        "width": 35
                    },
                    {
                        "field_type": "text",
                        "cost": 1.0,
                        "field_name": "gender",
                        "is_optional": false,
                        "delta_width": 25,
                        "width": 50
                    },
                    {
                        "field_type": "gap",
                        "delta_width": 20,
                        "width": 130
                    },
                    {
                        "field_type": "text",
                        "cost": 1.0,
                        "field_name": "birth_place",
                        "is_optional": false,
                        "delta_width": 570,
                        "width": 600
                    },
                    {
                        "field_type": "gap",
                        "delta_width": 570,
                        "width": 600
                    }
                ]
            },
            {
                "delta_height": 10,
                "line_type": "gap",
                "height": 45
            },
            {
                "line_type": "text",
                "height": 33,
                "delta_height": 6,
                "fields": [
                    {
                        "field_type": "gap",
                        "delta_width": 20,
                        "width": 35
                    },
                    {
                        "field_type": "text",
                        "cost": 1.0,
                        "field_name": "issue_date",
                        "is_optional": false,
                        "delta_width": 10,
                        "width": 357
                    },
                    {
                        "field_type": "gap",
                        "delta_width": 10,
                        "width": 40
                    },
                    {
                        "field_type": "text",
                        "cost": 1.0,
                        "field_name": "authority",
                        "is_optional": false,
                        "delta_width": 230,
                        "width": 300
                    },
                    {
                        "field_type": "gap",
                        "delta_width": 280,
                        "width": 320
                    }
                ]
            },
            {
                "delta_height": 10,
                "line_type": "gap",
                "height": 45
            },
            {
                "line_type": "text",
                "height": 33,
                "delta_height": 6,
                "fields": [
                    {
                        "field_type": "gap",
                        "delta_width": 20,
                        "width": 35
                    },
                    {
                        "field_type": "text",
                        "cost": 1.0,
                        "field_name": "expiry_date",
                        "is_optional": false,
                        "delta_width": 10,
                        "width": 375
                    },
                    {
                        "field_type": "gap",
                        "delta_width": 30,
                        "width": 420
                    }
                ]
            },
            {
                "delta_height": 45,
                "line_type": "gap",
                "height": 50
            }
        ]
    }
}