{
    "type": "common",
    "settings": {
        "processing": {
            "use_background_closing": true,
            "background_closing_wx": 4,
            "background_closing_wy": 8,
            "use_morphology_open": true,
            "morphology_open_wx": 20,
            "morphology_open_wy": 0,
            "use_morphology_close":  true,
            "morphology_close_wx": 5,
            "morphology_close_wy": 5,
            "use_autocontrast": true,
            "autocontrast_satur_black": 0.07,
            "autocontrast_satur_white": 0.70,
            "use_saturation": true
        },
        "settings": {
            "max_v_size": 40,
            "min_v_size": 18,
            "min_h_size": 3,
            "min_h_gap": 50,
            "step_x": 13,
            "step_y": 9
        },
        "layout": [ 
            {
                "objects": [
                    {
                        "name": "issue_place"
                    },
                    {
                        "name": "entry_date"
                    },
                    {
                        "name": "until_date"
                    }
                ]
            },
            {
                "objects": [
                    {
                        "name": "entries_number"
                    },
                    {
                        "name": "vaf_number"
                    }
                ]
            },
            {
                "objects": [
                    {
                        "name": "type"
                    }
                ]
            },
            {
                "objects": [
                    {
                        "name": "name"
                    }
                ]
            },
            {
                "objects": [
                    {
                        "name": "passport_number"
                    },
                    {
                        "name": "gender"
                    },
                    {
                        "name": "birth_date"
                    }
                ]
            },
            {
                "objects": [
                    {
                        "name": "nationality"
                    }
                ]
            },
            {
                "objects": [
                    {
                        "name": "observation"
                    }
                ]
            }
        ]
    }
}
