{
    "type": "common",
    "settings": {
        "processing": {
            "use_background_closing": true,
            "background_closing_wx": 8,
            "background_closing_wy": 8,
            "use_morphology_open": true,
            "morphology_open_wx": 20,
            "morphology_open_wy": 0,
            "use_morphology_close":  true,
            "morphology_close_wx": 4,
            "morphology_close_wy": 4,
            "use_autocontrast": true,
            "autocontrast_satur_black": 0.05,
            "autocontrast_satur_white": 0.50,
            "use_saturation": true
        },
        "settings": {
            "max_v_size": 40,
            "min_v_size": 17,
            "min_h_size": 3,
            "min_h_gap": 150,
            "step_x": 13,
            "step_y": 9
        },
        "layout": [ 
            {
                "is_optional":true,
                "objects": [
                    {
                        "name": "remarks0"
                    }
                ]
            },
            {
                "is_optional":true,
                "objects": [
                    {
                        "name": "remarks1"
                    }
                ]
            },
            {
                "is_optional":true,
                "objects": [
                    {
                        "name": "remarks2"
                    }
                ]
            },
            {
                "is_optional":true,
                "objects": [
                    {
                        "name": "remarks3"
                    }
                ]
            }
        ]
    }
}
