{
  "common_options": {},
  "documents": [
    "docs/bra/bra.drvlic.type1.json",
    "docs/bra/bra.re_license.type1.json",
    "docs/bra/bra.medcard.unimed.type1.json",
    "docs/bra/bra.id.type1.json",
    "docs/bra/bra.id.type2.json",
    "docs/bra/bra.passport.type1.json",
    "docs/bra/bra.passport.type2.json",
    "docs/bra/bra.rp.type1.json",
    "docs/bra/bra.vrc.type1.json"
  ],
  "engines": {
    "smartid": {
      "doctypes": [
        "bra.drvlic.type1",
        "bra.re_license.type1",
        "bra.medcard.unimed.type1",
        "bra.id.type1",
        "bra.id.type2",
        "bra.passport.type1",
        "bra.passport.type2",
        "bra.rp.type1",
        "bra.vrc.type1"
      ],
      "options": {
        "extractFieldImages": "false",
        "extractPhoto": "true",
        "extractTemplateImages": "false"
      },
      "path": "bra.json",
      "type": "smartid_engine"
    }
  },
  "tplfinder": ":/tplfinder/common_tplfinder_mobile.json",
  "type": "smartid_bundle"
}