{
  "common_options": {"enableBasicForensics": "true", "sessionTimeout": "5.0"}, 
  "engines": {
    "bra": {
      "doctypes": [
        "bra.drvlic.type1", 
        "bra.re_license.type1", 
        "bra.medcard.unimed.type1", 
        "bra.id.type1", 
        "bra.id.type2", 
        "bra.passport.type1", 
        "bra.passport.type2", 
        "bra.rp.type1", 
        "bra.vrc.type1"
      ], 
      "lazy_config": true, 
      "options": {}, 
      "path": "bra.json"
    }, 
    "gbr": {
      "doctypes": [
        "gbr.drvlic.type1", 
        "gbr.drvlic.type2", 
        "gbr.drvlic.type3", 
        "gbr.drvlic.provisional.type1", 
        "gbr.drvlic.provisional.type2", 
        "gbr.drvlic.provisional.type3", 
        "gbr.passport.type1", 
        "gbr.passport.type2", 
        "gbr.passport.type3", 
        "gbr.passport.type4", 
        "gbr.rp.type1", 
        "gbr.visa.type1", 
        "gbr.visa.type2"
      ], 
      "lazy_config": true, 
      "options": {}, 
      "path": "gbr.json"
    }, 
    "ita": {
      "doctypes": [
        "ita.passport.type1", 
        "ita.drvlic.type1", 
        "ita.drvlic.type2", 
        "ita.id.type1", 
        "ita.id.type2", 
        "ita.id.type3", 
        "ita.rp.type1", 
        "ita.rp.type2", 
        "ita.rp.type3", 
        "ita.visa.type1", 
        "ita.health_insurance.type1", 
        "ita.health_insurance.type2"
      ], 
      "lazy_config": true, 
      "options": {}, 
      "path": "ita.json"
    }
  }, 
  "type": "smartid_bundle"
}