{
  "common_options": {},
  "documents": [
    "docs/gbr/gbr.drvlic.provisional.type1.json",
    "docs/gbr/gbr.drvlic.provisional.type2.json",
    "docs/gbr/gbr.drvlic.provisional.type3.json",
    "docs/gbr/gbr.drvlic.type1.json",
    "docs/gbr/gbr.drvlic.type2.json",
    "docs/gbr/gbr.drvlic.type3.json",
    "docs/gbr/gbr.passport.type1.json",
    "docs/gbr/gbr.passport.type2.json",
    "docs/gbr/gbr.passport.type3.json",
    "docs/gbr/gbr.passport.type4.json",
    "docs/gbr/gbr.rp.type1.json",
    "docs/gbr/gbr.visa.type1.json",
    "docs/gbr/gbr.visa.type2.json"
  ],
  "engines": {
    "smartid": {
      "doctypes": [
        "gbr.drvlic.type1",
        "gbr.drvlic.type2",
        "gbr.drvlic.type3",
        "gbr.drvlic.provisional.type1",
        "gbr.drvlic.provisional.type2",
        "gbr.drvlic.provisional.type3",
        "gbr.passport.type1",
        "gbr.passport.type2",
        "gbr.passport.type3",
        "gbr.passport.type4",
        "gbr.rp.type1",
        "gbr.visa.type1",
        "gbr.visa.type2"
      ],
      "options": {
        "extractFieldImages": "false",
        "extractPhoto": "true",
        "extractTemplateImages": "false"
      },
      "path": "gbr.json",
      "type": "smartid_engine"
    }
  },
  "tplfinder": ":/tplfinder/common_tplfinder_adapt_camera.json",
  "type": "smartid_bundle"
}