{
  "common_options": {},
  "documents": [
    "docs/ita/ita.drvlic.type1.json",
    "docs/ita/ita.drvlic.type2.json",
    "docs/ita/ita.passport.type1.json",
    "docs/ita/ita.id.type1.json",
    "docs/ita/ita.id.type2.json",
    "docs/ita/ita.id.type3.json",
    "docs/ita/ita.rp.type1.json",
    "docs/ita/ita.rp.type2.json",
    "docs/ita/ita.rp.type3.json",
    "docs/ita/ita.visa.type1.json",
    "docs/ita/ita.health_insurance.type1.json",
    "docs/ita/ita.health_insurance.type2.json"
  ],
  "engines": {
    "smartid": {
      "doctypes": [
        "ita.passport.type1",
        "ita.drvlic.type1",
        "ita.drvlic.type2",
        "ita.id.type1",
        "ita.id.type2",
        "ita.id.type3",
        "ita.rp.type1",
        "ita.rp.type2",
        "ita.rp.type3",
        "ita.visa.type1",
        "ita.health_insurance.type1",
        "ita.health_insurance.type2"
      ],
      "options": {
        "extractFieldImages": "false",
        "extractPhoto": "true",
        "extractTemplateImages": "false"
      },
      "path": "ita.json",
      "type": "smartid_engine"
    }
  },
  "tplfinder": ":/tplfinder/common_tplfinder_mobile.json",
  "type": "smartid_bundle"
}