{
  "type": "photo", 
  "settings": {
    "low_resolution_img_width": 40,
    "low_resolution_img_height": 40,
    "num_imgs_for_upd_median": 5,
    "clarity_min_score": 8,
    "clarity_norm_score": 20,
    "delta_images_for_update": 3,
    "nearest_im_dist_to_median_im_ratio": 1.2,
    "nearest_im_dist_to_median_rank": 5,
    "qv_score2weight_a": 3.0,
    "qv_score2weight_b": -2.0,
    "satur_hist_qv": 0.99,
    "satur_disbalance": 2.0,
    "space_weight_x0": 20.0,
    "space_weight_y0": 23.0,
    "space_weight_sigma_x": 5.0,
    "space_weight_sigma_y": 6.0,
    "white_flare_tr": 245,
    "facerecog_path_": ":/recstr/netdata/final/natural/face/face_recog_config.json",
    "facerecog_use_points_": true,
    "objed_facedet_path": ":/photo_retriever/photo_integrator_face_detector_33x33.pb",
    "objed_with_multithreading": true
  }
}