{
    "type": "dynamic",
    "settings": {
        "preprocessing": {
            "processing_steps": [
                {
                    "type": "blink_removing",
                    "settings": {
                        "blink_removing_percent": 0.1
                    }
                },
                {
                    "type": "background_closing",
                    "settings": {
                        "background_closing_wy": 3,
                        "background_closing_wx": 3
                    }
                },
                {
                    "type": "morphology_open",
                    "settings": {
                        "morphology_open_wy": 2,
                        "morphology_open_wx": 13
                    }
                },
                {
                    "type": "morphology_close",
                    "settings": {
                        "morphology_close_wy": 5,
                        "morphology_close_wx": 0
                    }
                },
                {
                    "type": "autocontrast",
                    "settings": {
                        "autocontrast_satur_white": 0.3,
                        "autocontrast_satur_black": 0.0
                    }
                },
                {
                    "type": "angle_detection",
                    "settings": {
                        "width_downscale": 0.5,
                        "height_downscale": 1.0
                    }
                }
            ],
            "settings": {}
        },
        "settings": {
            "grid_step_y": 1,
            "grid_step_x": 1,
            "gap_right": 13,
            "gap_left": 8,
            "gap_bot": 6,
            "gap_top": 6,
            "score_type": "otsu",
            "rejection_threshold": 0.15,
            "default_gap_dp_cost": 0.0,
            "default_gap_otsu_cost": 0.7,
            "local_otsu_window_wing": -1
        },
        "layout": [
            {
                "delta_height": 20,
                "line_type": "gap",
                "height": 25
            },
            {
                "line_type": "text",
                "height": 20,
                "delta_height": 10,
                "fields": [
                    {
                        "field_type": "gap",
                        "delta_width": 25,
                        "width": 30
                    },
                    {
                        "field_type": "text",
                        "cost": 1,
                        "field_name": "name",
                        "is_optional": false,
                        "delta_width": 630,
                        "width": 640
                    },
                    {
                        "field_type": "gap",
                        "delta_width": 640,
                        "width": 665
                    }
                ]
            },
            {
                "delta_height": 15,
                "line_type": "gap",
                "height": 50
            },
            {
                "line_type": "text",
                "height": 20,
                "delta_height": 10,
                "fields": [
                    {
                        "field_type": "gap",
                        "delta_width": 25,
                        "width": 310
                    },
                    {
                        "field_type": "text",
                        "cost": 0.6,
                        "field_name": "doc_identidade1",
                        "is_optional": true,
                        "delta_width": 270,
                        "width": 280
                    },
                    {
                        "field_type": "gap",
                        "delta_width": 280,
                        "width": 380
                    }
                ]
            },
            {
                "delta_height": 15,
                "line_type": "gap",
                "height": 55
            },
            {
                "line_type": "text",
                "height": 20,
                "delta_height": 10,
                "fields": [
                    {
                        "field_type": "gap",
                        "delta_width": 25,
                        "width": 310
                    },
                    {
                        "field_type": "text",
                        "cost": 1,
                        "field_name": "CPF",
                        "is_optional": false,
                        "delta_width": 20,
                        "width": 215
                    },
                    {
                        "field_type": "gap",
                        "delta_width": 35,
                        "width": 35
                    },
                    {
                        "field_type": "text",
                        "cost": 1,
                        "field_name": "birth_date",
                        "is_optional": false,
                        "delta_width": 20,
                        "width": 155
                    },
                    {
                        "field_type": "gap",
                        "delta_width": 35,
                        "width": 35
                    }
                ]
            },
            {
                "delta_height": 15,
                "line_type": "gap",
                "height": 55
            },
            {
                "line_type": "text",
                "height": 20,
                "delta_height": 10,
                "fields": [
                    {
                        "field_type": "gap",
                        "delta_width": 25,
                        "width": 325
                    },
                    {
                        "field_type": "text",
                        "cost": 0.6,
                        "field_name": "parents_line10",
                        "is_optional": true,
                        "delta_width": 355,
                        "width": 365
                    },
                    {
                        "field_type": "gap",
                        "delta_width": 360,
                        "width": 370
                    }
                ]
            },
            {
                "delta_height": 18,
                "line_type": "gap",
                "height": 20
            },
            {
                "line_type": "text",
                "height": 20,
                "delta_height": 10,
                "fields": [
                    {
                        "field_type": "gap",
                        "delta_width": 25,
                        "width": 325
                    },
                    {
                        "field_type": "text",
                        "cost": 0.6,
                        "field_name": "parents_line11",
                        "is_optional": true,
                        "delta_width": 355,
                        "width": 365
                    },
                    {
                        "field_type": "gap",
                        "delta_width": 360,
                        "width": 370
                    }
                ]
            },
            {
                "delta_height": 18,
                "line_type": "gap",
                "height": 20
            },
            {
                "line_type": "text",
                "height": 20,
                "delta_height": 10,
                "fields": [
                    {
                        "field_type": "gap",
                        "delta_width": 25,
                        "width": 325
                    },
                    {
                        "field_type": "text",
                        "cost": 0.6,
                        "field_name": "parents_line20",
                        "is_optional": true,
                        "delta_width": 355,
                        "width": 365
                    },
                    {
                        "field_type": "gap",
                        "delta_width": 360,
                        "width": 370
                    }
                ]
            },
            {
                "delta_height": 18,
                "line_type": "gap",
                "height": 20
            },
            {
                "line_type": "text",
                "height": 20,
                "delta_height": 10,
                "fields": [
                    {
                        "field_type": "gap",
                        "delta_width": 25,
                        "width": 325
                    },
                    {
                        "field_type": "text",
                        "cost": 0.6,
                        "field_name": "parents_line21",
                        "is_optional": true,
                        "delta_width": 355,
                        "width": 365
                    },
                    {
                        "field_type": "gap",
                        "delta_width": 360,
                        "width": 370
                    }
                ]
            },
            {
                "delta_height": 20,
                "line_type": "gap",
                "height": 75
            },
            {
                "line_type": "text",
                "height": 20,
                "delta_height": 10,
                "fields": [
                    {
                        "field_type": "gap",
                        "delta_width": 25,
                        "width": 310
                    },
                    {
                        "field_type": "text",
                        "cost": 0.6,
                        "field_name": "permission",
                        "is_optional": true,
                        "delta_width": 140,
                        "width": 150
                    },
                    {
                        "field_type": "gap",
                        "delta_width": 150,
                        "width": 170
                    },
                    {
                        "field_type": "text",
                        "cost": 0.6,
                        "field_name": "acc",
                        "is_optional": true,
                        "delta_width": 90,
                        "width": 100
                    },
                    {
                        "field_type": "gap",
                        "delta_width": 100,
                        "width": 150
                    },
                    {
                        "field_type": "text",
                        "cost": 1,
                        "field_name": "categories",
                        "is_optional": false,
                        "delta_width": 65,
                        "width": 75
                    },
                    {
                        "field_type": "gap",
                        "delta_width": 80,
                        "width": 90
                    }
                ]
            },
            {
                "delta_height": 15,
                "line_type": "gap",
                "height": 50
            },
            {
                "line_type": "text",
                "height": 20,
                "delta_height": 10,
                "fields": [
                    {
                        "field_type": "gap",
                        "delta_width": 25,
                        "width": 65
                    },
                    {
                        "field_type": "text",
                        "cost": 1,
                        "field_name": "lic_number",
                        "is_optional": false,
                        "delta_width": 40,
                        "width": 205
                    },
                    {
                        "field_type": "gap",
                        "delta_width": 40,
                        "width": 85
                    },
                    {
                        "field_type": "text",
                        "cost": 1,
                        "field_name": "expiry_date",
                        "is_optional": false,
                        "delta_width": 40,
                        "width": 165
                    },
                    {
                        "field_type": "gap",
                        "delta_width": 40,
                        "width": 80
                    },
                    {
                        "field_type": "text",
                        "cost": 1,
                        "field_name": "habilitacao",
                        "is_optional": false,
                        "delta_width": 30,
                        "width": 165
                    },
                    {
                        "field_type": "gap",
                        "delta_width": 40,
                        "width": 60
                    }
                ]
            },
            {
                "delta_height": 30,
                "line_type": "gap",
                "height": 30
            }
        ]
    }
}