{
    "type": "dynamic",
    "settings": {
        "preprocessing": {
            "processing_steps": [
                {
                    "type": "blink_removing",
                    "settings": {
                        "blink_removing_percent": 0.1
                    }
                },
                {
                    "type": "background_closing",
                    "settings": {
                        "background_closing_wy": 3,
                        "background_closing_wx": 3
                    }
                },
                {
                    "type": "morphology_open",
                    "settings": {
                        "morphology_open_wy": 2,
                        "morphology_open_wx": 13
                    }
                },
                {
                    "type": "morphology_close",
                    "settings": {
                        "morphology_close_wy": 5,
                        "morphology_close_wx": 0
                    }
                },
                {
                    "type": "autocontrast",
                    "settings": {
                        "autocontrast_satur_white": 0.3,
                        "autocontrast_satur_black": 0.0
                    }
                },
                {
                    "type": "angle_detection",
                    "settings": {
                        "width_downscale": 0.5,
                        "height_downscale": 1.0
                    }
                }
            ],
            "settings": {}
        },
        "settings": {
            "grid_step_y": 1,
            "grid_step_x": 1,
            "gap_right": 13,
            "gap_left": 8,
            "gap_bot": 6,
            "gap_top": 6,
            "score_type": "otsu",
            "rejection_threshold": 0.15,
            "default_gap_dp_cost": 0.0,
            "default_gap_otsu_cost": 0.7,
            "local_otsu_window_wing": -1
        },
        "layout": [
            {
                "delta_height": 15,
                "line_type": "gap",
                "height": 35
            },
            {
                "line_type": "text",
                "height": 25,
                "delta_height": 10,
                "fields": [
                    {
                        "field_type": "gap",
                        "delta_width": 22,
                        "width": 24
                    },
                    {
                        "field_type": "text",
                        "cost": 1,
                        "field_name": "address",
                        "is_optional": false,
                        "delta_width": 400,
                        "width": 460
                    },
                    {
                        "field_type": "gap",
                        "delta_width": 400,
                        "width": 490
                    },
                    {
                        "field_type": "text",
                        "cost": 1,
                        "field_name": "issue_date",
                        "is_optional": false,
                        "delta_width": 25,
                        "width": 165
                    },
                    {
                        "field_type": "gap",
                        "delta_width": 35,
                        "width": 40
                    }
                ]
            },
            {
                "delta_height": 15,
                "line_type": "gap",
                "height": 40
            },
            {
                "line_type": "text",
                "height": 20,
                "delta_height": 10,
                "fields": [
                    {
                        "field_type": "gap",
                        "delta_width": 25,
                        "width": 525
                    },
                    {
                        "field_type": "text",
                        "cost": 1,
                        "field_name": "file_number0",
                        "is_optional": false,
                        "delta_width": 25,
                        "width": 145
                    },
                    {
                        "field_type": "gap",
                        "delta_width": 35,
                        "width": 45
                    }
                ]
            },
            {
                "delta_height": 10,
                "line_type": "gap",
                "height": 24
            },
            {
                "line_type": "text",
                "height": 20,
                "delta_height": 10,
                "fields": [
                    {
                        "field_type": "gap",
                        "delta_width": 25,
                        "width": 525
                    },
                    {
                        "field_type": "text",
                        "cost": 1,
                        "field_name": "file_number1",
                        "is_optional": false,
                        "delta_width": 25,
                        "width": 145
                    },
                    {
                        "field_type": "gap",
                        "delta_width": 35,
                        "width": 45
                    }
                ]
            },
            {
                "delta_height": 18,
                "line_type": "gap",
                "height": 20
            }
        ]
    }
}