{
    "type": "common", 
    "settings": {
        "processing": {
            "use_blink_removing": false, 
            "blink_removing_percent": 0.1, 
            "use_background_closing": true, 
            "background_closing_wx": 4, 
            "background_closing_wy": 4, 
            "use_morphology_open": true, 
            "morphology_open_wx": 30, 
            "morphology_open_wy": 1, 
            "use_morphology_close": true, 
            "morphology_close_wx": 6, 
            "morphology_close_wy": 6, 
            "use_autocontrast": true, 
            "autocontrast_satur_black": 0.1, 
            "autocontrast_satur_white": 0.5, 
            "use_angle_detector": true, 
            "use_saturation": true, 
            "deskewer": ":/mixangler/common_deskewer.json"
        }, 
        "settings": {
            "max_v_size": 40, 
            "min_v_size": 10, 
            "min_h_size": 15, 
            "min_h_gap": 60, 
            "step_x": 15, 
            "step_y": 5
        }, 
        "layout": [
            {
                "objects": [
                    {
                        "name": "registro_geral"
                    },
                    {
                        "name": "data_de_expedicao"
                    }
                ]
            },
            {
                "objects": [
                    {
                            "name": "nome"
                    }
                ]
            },
            {
                "objects": [
                    {
                        "name": "filiacao_line1a"
                    }
                ]
            },  
            {
                "is_optional": true, 
                "objects": [
                    {
                        "name": "filiacao_line2a"
                    }
                ]
            }, 
            {
                "is_optional": true, 
                "objects": [
                    {
                        "name": "filiacao_line2b"
                    }
                ]
            }, 
            {
                "is_optional": true
            }, 
            {
                "objects": [
                    {
                        "name": "naturalidade"
                    },
                    {
                        "name": "data_de_nascimento"
                    }
                ]
            },
            {
                "objects": [
                    {
                        "name": "doc_origem_1_line"
                    }
                ]
            }, 
            {
                "is_optional": true, 
                "objects": [
                    {
                        "name": "doc_origem_2_line"
                    }
                ]
            },
            {
                "is_optional": true, 
                "objects": [
                    {
                        "name": "doc_origem_3_line"
                    }
                ]
            },
            { "is_optional": true}
            
        ]
    }
}