{
    "type": "dynamic",
    "settings": {
        "preprocessing": {
            "processing_steps": [
                {
                    "type": "blink_removing",
                    "settings": {
                        "blink_removing_percent": 0.1
                    }
                },
                {
                    "type": "background_closing",
                    "settings": {
                        "background_closing_wy": 3,
                        "background_closing_wx": 3
                    }
                },
                {
                    "type": "morphology_open",
                    "settings": {
                        "morphology_open_wy": 2,
                        "morphology_open_wx": 16
                    }
                },
                {
                    "type": "morphology_close",
                    "settings": {
                        "morphology_close_wy": 6,
                        "morphology_close_wx": 0
                    }
                },
                {
                    "type": "autocontrast",
                    "settings": {
                        "autocontrast_satur_white": 0.3,
                        "autocontrast_satur_black": 0.1
                    }
                },
                {
                    "type": "angle_detection",
                    "settings": {
                        "width_downscale": 0.5,
                        "height_downscale": 1.0
                    }
                }
            ],
            "settings": {}
        },
        "settings": {
            "grid_step_y": 1,
            "grid_step_x": 1,
            "gap_right": 20,
            "gap_left": 12,
            "gap_bot": 7,
            "gap_top": 7,
            "score_type": "otsu",
            "rejection_threshold": 0.15,
            "default_gap_dp_cost": 0.0,
            "default_gap_otsu_cost": 0.7,
            "local_otsu_window_wing": -1
        },
        "layout": [
            {
                "delta_height": 25,
                "line_type": "gap",
                "height": 35
            },
            {
                "line_type": "text",
                "height": 25,
                "delta_height": 10,
                "fields": [
                    {
                        "field_type": "gap",
                        "delta_width": 35,
                        "width": 70
                    },
                    {
                        "field_type": "text",
                        "cost": 1,
                        "is_optional": false,
                        "delta_width": 20,
                        "width": 810
                    },
                    {
                        "field_type": "gap",
                        "delta_width": 35,
                        "width": 70
                    }
                ]
            },
            {
                "delta_height": 15,
                "line_type": "gap",
                "height": 20
            },
            {
                "line_type": "text",
                "height": 28,
                "delta_height": 10,
                "fields": [
                    {
                        "field_type": "gap",
                        "delta_width": 35,
                        "width": 70
                    },
                    {
                        "field_type": "text",
                        "cost": 1,
                        "field_name": "type",
                        "is_optional": false,
                        "delta_width": 30,
                        "width": 40
                    },
                    {
                        "field_type": "gap",
                        "delta_width": 60,
                        "width": 160
                    },
                    {
                        "field_type": "text",
                        "cost": 1,
                        "is_optional": false,
                        "delta_width": 10,
                        "width": 60
                    },
                    {
                        "field_type": "gap",
                        "delta_width": 200,
                        "width": 360
                    },
                    {
                        "field_type": "text",
                        "cost": 1,
                        "field_name": "number",
                        "is_optional": false,
                        "delta_width": 60,
                        "width": 160
                    },
                    {
                        "field_type": "gap",
                        "delta_width": 100,
                        "width": 260
                    }
                ]
            },
            {
                "delta_height": 20,
                "line_type": "gap",
                "height": 30
            },
            {
                "line_type": "text",
                "height": 25,
                "delta_height": 10,
                "fields": [
                    {
                        "field_type": "gap",
                        "delta_width": 35,
                        "width": 70
                    },
                    {
                        "field_type": "text",
                        "cost": 1,
                        "field_name": "TEXT",
                        "is_optional": false,
                        "delta_width": 20,
                        "width": 240
                    },
                    {
                        "field_type": "gap",
                        "delta_width": 60,
                        "width": 660
                    }
                ]
            },
            {
                "delta_height": 15,
                "line_type": "gap",
                "height": 20
            },
            {
                "line_type": "text",
                "height": 28,
                "delta_height": 10,
                "fields": [
                    {
                        "field_type": "gap",
                        "delta_width": 35,
                        "width": 70
                    },
                    {
                        "field_type": "text",
                        "cost": 1,
                        "field_name": "last_name",
                        "is_optional": false,
                        "delta_width": 770,
                        "width": 800
                    },
                    {
                        "field_type": "gap",
                        "delta_width": 800,
                        "width": 820
                    }
                ]
            },
            {
                "delta_height": 30,
                "line_type": "gap",
                "height": 40
            },
            {
                "line_type": "text",
                "height": 25,
                "delta_height": 10,
                "fields": [
                    {
                        "field_type": "gap",
                        "delta_width": 35,
                        "width": 70
                    },
                    {
                        "field_type": "text",
                        "cost": 1,
                        "is_optional": false,
                        "delta_width": 20,
                        "width": 215
                    },
                    {
                        "field_type": "gap",
                        "delta_width": 70,
                        "width": 670
                    }
                ]
            },
            {
                "delta_height": 15,
                "line_type": "gap",
                "height": 20
            },
            {
                "line_type": "text",
                "height": 28,
                "delta_height": 10,
                "fields": [
                    {
                        "field_type": "gap",
                        "delta_width": 30,
                        "width": 40
                    },
                    {
                        "field_type": "text",
                        "cost": 1,
                        "field_name": "name",
                        "is_optional": false,
                        "delta_width": 770,
                        "width": 800
                    },
                    {
                        "field_type": "gap",
                        "delta_width": 800,
                        "width": 820
                    }
                ]
            },
            {
                "delta_height": 30,
                "line_type": "gap",
                "height": 40
            },
            {
                "line_type": "text",
                "height": 25,
                "delta_height": 10,
                "fields": [
                    {
                        "field_type": "gap",
                        "delta_width": 35,
                        "width": 70
                    },
                    {
                        "field_type": "text",
                        "cost": 1,
                        "is_optional": false,
                        "delta_width": 20,
                        "width": 310
                    },
                    {
                        "field_type": "gap",
                        "delta_width": 70,
                        "width": 570
                    }
                ]
            },
            {
                "delta_height": 15,
                "line_type": "gap",
                "height": 20
            },
            {
                "line_type": "text",
                "height": 28,
                "delta_height": 10,
                "fields": [
                    {
                        "field_type": "gap",
                        "delta_width": 30,
                        "width": 40
                    },
                    {
                        "field_type": "text",
                        "cost": 1,
                        "field_name": "nationality",
                        "is_optional": false,
                        "delta_width": 770,
                        "width": 800
                    },
                    {
                        "field_type": "gap",
                        "delta_width": 800,
                        "width": 820
                    }
                ]
            },
            {
                "delta_height": 30,
                "line_type": "gap",
                "height": 40
            },
            {
                "line_type": "text",
                "height": 25,
                "delta_height": 10,
                "fields": [
                    {
                        "field_type": "gap",
                        "delta_width": 35,
                        "width": 70
                    },
                    {
                        "field_type": "text",
                        "cost": 1,
                        "is_optional": false,
                        "delta_width": 20,
                        "width": 380
                    },
                    {
                        "field_type": "gap",
                        "delta_width": 20,
                        "width": 140
                    },
                    {
                        "field_type": "text",
                        "cost": 1,
                        "is_optional": false,
                        "delta_width": 20,
                        "width": 310
                    },
                    {
                        "field_type": "gap",
                        "delta_width": 35,
                        "width": 80
                    }
                ]
            },
            {
                "delta_height": 15,
                "line_type": "gap",
                "height": 20
            },
            {
                "line_type": "text",
                "height": 28,
                "delta_height": 10,
                "fields": [
                    {
                        "field_type": "gap",
                        "delta_width": 35,
                        "width": 70
                    },
                    {
                        "field_type": "text",
                        "cost": 1,
                        "field_name": "birth_date",
                        "is_optional": false,
                        "delta_width": 70,
                        "width": 270
                    },
                    {
                        "field_type": "gap",
                        "delta_width": 280,
                        "width": 440
                    },
                    {
                        "field_type": "text",
                        "cost": 0.6,
                        "field_name": "id_number",
                        "is_optional": true,
                        "delta_width": 280,
                        "width": 310
                    },
                    {
                        "field_type": "gap",
                        "delta_width": 320,
                        "width": 320
                    }
                ]
            },
            {
                "delta_height": 30,
                "line_type": "gap",
                "height": 40
            },
            {
                "line_type": "text",
                "height": 25,
                "delta_height": 10,
                "fields": [
                    {
                        "field_type": "gap",
                        "delta_width": 35,
                        "width": 70
                    },
                    {
                        "field_type": "text",
                        "cost": 1,
                        "is_optional": false,
                        "delta_width": 20,
                        "width": 120
                    },
                    {
                        "field_type": "gap",
                        "delta_width": 25,
                        "width": 50
                    },
                    {
                        "field_type": "text",
                        "cost": 1,
                        "is_optional": false,
                        "delta_width": 20,
                        "width": 335
                    },
                    {
                        "field_type": "gap",
                        "delta_width": 50,
                        "width": 410
                    }
                ]
            },
            {
                "delta_height": 15,
                "line_type": "gap",
                "height": 20
            },
            {
                "line_type": "text",
                "height": 28,
                "delta_height": 10,
                "fields": [
                    {
                        "field_type": "gap",
                        "delta_width": 35,
                        "width": 70
                    },
                    {
                        "field_type": "text",
                        "cost": 1,
                        "field_name": "gender",
                        "is_optional": false,
                        "delta_width": 15,
                        "width": 35
                    },
                    {
                        "field_type": "gap",
                        "delta_width": 70,
                        "width": 180
                    },
                    {
                        "field_type": "text",
                        "cost": 1,
                        "field_name": "birth_place",
                        "is_optional": false,
                        "delta_width": 650,
                        "width": 680
                    },
                    {
                        "field_type": "gap",
                        "delta_width": 670,
                        "width": 680
                    }
                ]
            },
            {
                "delta_height": 30,
                "line_type": "gap",
                "height": 40
            },
            {
                "line_type": "text",
                "height": 25,
                "delta_height": 10,
                "fields": [
                    {
                        "field_type": "gap",
                        "delta_width": 35,
                        "width": 70
                    },
                    {
                        "field_type": "text",
                        "cost": 1,
                        "is_optional": false,
                        "delta_width": 20,
                        "width": 365
                    },
                    {
                        "field_type": "gap",
                        "delta_width": 30,
                        "width": 60
                    },
                    {
                        "field_type": "text",
                        "cost": 1,
                        "is_optional": false,
                        "delta_width": 20,
                        "width": 270
                    },
                    {
                        "field_type": "gap",
                        "delta_width": 40,
                        "width": 220
                    }
                ]
            },
            {
                "delta_height": 15,
                "line_type": "gap",
                "height": 20
            },
            {
                "line_type": "text",
                "height": 28,
                "delta_height": 10,
                "fields": [
                    {
                        "field_type": "gap",
                        "delta_width": 35,
                        "width": 70
                    },
                    {
                        "field_type": "text",
                        "cost": 1,
                        "field_name": "issue_date",
                        "is_optional": false,
                        "delta_width": 70,
                        "width": 270
                    },
                    {
                        "field_type": "gap",
                        "delta_width": 50,
                        "width": 180
                    },
                    {
                        "field_type": "text",
                        "cost": 1,
                        "field_name": "authority",
                        "is_optional": false,
                        "delta_width": 450,
                        "width": 470
                    },
                    {
                        "field_type": "gap",
                        "delta_width": 430,
                        "width": 440
                    }
                ]
            },
            {
                "delta_height": 30,
                "line_type": "gap",
                "height": 40
            },
            {
                "line_type": "text",
                "height": 25,
                "delta_height": 10,
                "fields": [
                    {
                        "field_type": "gap",
                        "delta_width": 35,
                        "width": 70
                    },
                    {
                        "field_type": "text",
                        "cost": 1,
                        "is_optional": false,
                        "delta_width": 20,
                        "width": 305
                    },
                    {
                        "field_type": "gap",
                        "delta_width": 50,
                        "width": 590
                    }
                ]
            },
            {
                "delta_height": 15,
                "line_type": "gap",
                "height": 20
            },
            {
                "line_type": "text",
                "height": 28,
                "delta_height": 10,
                "fields": [
                    {
                        "field_type": "gap",
                        "delta_width": 35,
                        "width": 70
                    },
                    {
                        "field_type": "text",
                        "cost": 1,
                        "field_name": "expiry_date",
                        "is_optional": false,
                        "delta_width": 70,
                        "width": 270
                    },
                    {
                        "field_type": "gap",
                        "delta_width": 90,
                        "width": 630
                    }
                ]
            },
            {
                "delta_height": 65,
                "line_type": "gap",
                "height": 65
            }
        ]
    }
}