{
    "type": "dynamic",
    "settings": {
        "preprocessing": {
            "processing_steps": [
                {
                    "type": "blink_removing",
                    "settings": {
                        "blink_removing_percent": 0.1
                    }
                },
                {
                    "type": "morphology_open",
                    "settings": {
                        "morphology_open_wy": 2,
                        "morphology_open_wx": 12
                    }
                },
                {
                    "type": "morphology_close",
                    "settings": {
                        "morphology_close_wy": 6,
                        "morphology_close_wx": 0
                    }
                },
                {
                    "type": "autocontrast",
                    "settings": {
                        "autocontrast_satur_white": 0.3,
                        "autocontrast_satur_black": 0.05
                    }
                },
                {
                    "type": "angle_detection",
                    "settings": {
                        "width_downscale": 0.5,
                        "height_downscale": 1.0
                    }
                }
            ],
            "settings": {}
        },
        "settings": {
            "grid_step_y": 1,
            "grid_step_x": 1,
            "gap_right": 18,
            "gap_left": 12,
            "gap_bot": 7,
            "gap_top": 7,
            "score_type": "otsu",
            "rejection_threshold": 0.15,
            "default_gap_dp_cost": 0.0,
            "default_gap_otsu_cost": 0.7,
            "local_otsu_window_wing": -1
        },
        "layout": [
            {
                "delta_height": 25,
                "line_type": "gap",
                "height": 35
            },
            {
                "line_type": "text",
                "height": 32,
                "delta_height": 14,
                "fields": [
                    {
                        "field_type": "gap",
                        "delta_width": 20,
                        "width": 45
                    },
                    {
                        "field_type": "text",
                        "cost": 1,
                        "field_name": "type",
                        "is_optional": false,
                        "delta_width": 30,
                        "width": 40
                    },
                    {
                        "field_type": "gap",
                        "delta_width": 40,
                        "width": 480
                    },
                    {
                        "field_type": "text",
                        "cost": 1,
                        "field_name": "number",
                        "is_optional": false,
                        "delta_width": 60,
                        "width": 160
                    },
                    {
                        "field_type": "gap",
                        "delta_width": 80,
                        "width": 260
                    }
                ]
            },
            {
                "delta_height": 25,
                "line_type": "gap",
                "height": 45
            },
            {
                "line_type": "text",
                "height": 32,
                "delta_height": 14,
                "fields": [
                    {
                        "field_type": "gap",
                        "delta_width": 30,
                        "width": 65
                    },
                    {
                        "field_type": "text",
                        "cost": 1,
                        "field_name": "last_name",
                        "is_optional": false,
                        "delta_width": 720,
                        "width": 730
                    },
                    {
                        "field_type": "gap",
                        "delta_width": 740,
                        "width": 825
                    }
                ]
            },
            {
                "delta_height": 25,
                "line_type": "gap",
                "height": 45
            },
            {
                "line_type": "text",
                "height": 20,
                "delta_height": 14,
                "fields": [
                    {
                        "field_type": "gap",
                        "delta_width": 30,
                        "width": 65
                    },
                    {
                        "field_type": "text",
                        "cost": 1,
                        "field_name": "TEXT",
                        "is_optional": false,
                        "delta_width": 30,
                        "width": 160
                    },
                    {
                        "field_type": "gap",
                        "delta_width": 200,
                        "width": 825
                    }
                ]
            },
            {
                "delta_height": 10,
                "line_type": "gap",
                "height": 15
            },
            {
                "line_type": "text",
                "height": 28,
                "delta_height": 10,
                "fields": [
                    {
                        "field_type": "gap",
                        "delta_width": 30,
                        "width": 60
                    },
                    {
                        "field_type": "text",
                        "cost": 1,
                        "field_name": "name",
                        "is_optional": false,
                        "delta_width": 740,
                        "width": 750
                    },
                    {
                        "field_type": "gap",
                        "delta_width": 760,
                        "width": 810
                    }
                ]
            },
            {
                "delta_height": 10,
                "line_type": "gap",
                "height": 20
            },
            {
                "line_type": "text",
                "height": 20,
                "delta_height": 14,
                "fields": [
                    {
                        "field_type": "gap",
                        "delta_width": 30,
                        "width": 65
                    },
                    {
                        "field_type": "text",
                        "cost": 1,
                        "field_name": "TEXT",
                        "is_optional": false,
                        "delta_width": 30,
                        "width": 160
                    },
                    {
                        "field_type": "gap",
                        "delta_width": 200,
                        "width": 825
                    }
                ]
            },
            {
                "delta_height": 10,
                "line_type": "gap",
                "height": 15
            },
            {
                "line_type": "text",
                "height": 28,
                "delta_height": 10,
                "fields": [
                    {
                        "field_type": "gap",
                        "delta_width": 30,
                        "width": 60
                    },
                    {
                        "field_type": "text",
                        "cost": 1,
                        "field_name": "nationality",
                        "is_optional": false,
                        "delta_width": 740,
                        "width": 750
                    },
                    {
                        "field_type": "gap",
                        "delta_width": 760,
                        "width": 810
                    }
                ]
            },
            {
                "delta_height": 10,
                "line_type": "gap",
                "height": 20
            },
            {
                "line_type": "text",
                "height": 20,
                "delta_height": 14,
                "fields": [
                    {
                        "field_type": "gap",
                        "delta_width": 30,
                        "width": 65
                    },
                    {
                        "field_type": "text",
                        "cost": 1,
                        "field_name": "TEXT",
                        "is_optional": false,
                        "delta_width": 30,
                        "width": 160
                    },
                    {
                        "field_type": "gap",
                        "delta_width": 200,
                        "width": 825
                    }
                ]
            },
            {
                "delta_height": 10,
                "line_type": "gap",
                "height": 15
            },
            {
                "line_type": "text",
                "height": 28,
                "delta_height": 10,
                "fields": [
                    {
                        "field_type": "gap",
                        "delta_width": 30,
                        "width": 60
                    },
                    {
                        "field_type": "text",
                        "cost": 1,
                        "field_name": "birth_date",
                        "is_optional": false,
                        "delta_width": 30,
                        "width": 220
                    },
                    {
                        "field_type": "gap",
                        "delta_width": 190,
                        "width": 510
                    },
                    {
                        "field_type": "text",
                        "cost": 0.6,
                        "field_name": "id_number",
                        "is_optional": true,
                        "delta_width": 280,
                        "width": 290
                    },
                    {
                        "field_type": "gap",
                        "delta_width": 330,
                        "width": 330
                    }
                ]
            },
            {
                "delta_height": 10,
                "line_type": "gap",
                "height": 20
            },
            {
                "line_type": "text",
                "height": 20,
                "delta_height": 10,
                "fields": [
                    {
                        "field_type": "gap",
                        "delta_width": 30,
                        "width": 65
                    },
                    {
                        "field_type": "text",
                        "cost": 1,
                        "field_name": "TEXT",
                        "is_optional": false,
                        "delta_width": 30,
                        "width": 90
                    },
                    {
                        "field_type": "gap",
                        "delta_width": 20,
                        "width": 110
                    },
                    {
                        "field_type": "text",
                        "cost": 1,
                        "field_name": "TEXT",
                        "is_optional": false,
                        "delta_width": 30,
                        "width": 240
                    },
                    {
                        "field_type": "gap",
                        "delta_width": 100,
                        "width": 500
                    }
                ]
            },
            {
                "delta_height": 10,
                "line_type": "gap",
                "height": 15
            },
            {
                "line_type": "text",
                "height": 28,
                "delta_height": 12,
                "fields": [
                    {
                        "field_type": "gap",
                        "delta_width": 30,
                        "width": 60
                    },
                    {
                        "field_type": "text",
                        "cost": 1,
                        "field_name": "gender",
                        "is_optional": false,
                        "delta_width": 25,
                        "width": 35
                    },
                    {
                        "field_type": "gap",
                        "delta_width": 60,
                        "width": 200
                    },
                    {
                        "field_type": "text",
                        "cost": 1,
                        "field_name": "birth_place",
                        "is_optional": false,
                        "delta_width": 630,
                        "width": 640
                    },
                    {
                        "field_type": "gap",
                        "delta_width": 650,
                        "width": 660
                    }
                ]
            },
            {
                "delta_height": 10,
                "line_type": "gap",
                "height": 20
            },
            {
                "line_type": "text",
                "height": 20,
                "delta_height": 8,
                "fields": [
                    {
                        "field_type": "gap",
                        "delta_width": 30,
                        "width": 65
                    },
                    {
                        "field_type": "text",
                        "cost": 1,
                        "field_name": "TEXT",
                        "is_optional": false,
                        "delta_width": 30,
                        "width": 150
                    },
                    {
                        "field_type": "gap",
                        "delta_width": 200,
                        "width": 825
                    }
                ]
            },
            {
                "delta_height": 10,
                "line_type": "gap",
                "height": 15
            },
            {
                "line_type": "text",
                "height": 28,
                "delta_height": 12,
                "fields": [
                    {
                        "field_type": "gap",
                        "delta_width": 30,
                        "width": 65
                    },
                    {
                        "field_type": "text",
                        "cost": 1,
                        "field_name": "parent_00",
                        "is_optional": false,
                        "delta_width": 720,
                        "width": 730
                    },
                    {
                        "field_type": "gap",
                        "delta_width": 740,
                        "width": 825
                    }
                ]
            },
            {
                "delta_height": 10,
                "line_type": "gap",
                "height": 15
            },
            {
                "line_type": "text",
                "height": 28,
                "delta_height": 12,
                "fields": [
                    {
                        "field_type": "gap",
                        "delta_width": 30,
                        "width": 65
                    },
                    {
                        "field_type": "text",
                        "cost": 0.6,
                        "field_name": "parent_01",
                        "is_optional": true,
                        "delta_width": 720,
                        "width": 730
                    },
                    {
                        "field_type": "gap",
                        "delta_width": 740,
                        "width": 825
                    }
                ]
            },
            {
                "delta_height": 10,
                "line_type": "gap",
                "height": 15
            },
            {
                "line_type": "text",
                "height": 28,
                "delta_height": 12,
                "fields": [
                    {
                        "field_type": "gap",
                        "delta_width": 30,
                        "width": 65
                    },
                    {
                        "field_type": "text",
                        "cost": 1,
                        "field_name": "parent_10",
                        "is_optional": false,
                        "delta_width": 720,
                        "width": 730
                    },
                    {
                        "field_type": "gap",
                        "delta_width": 740,
                        "width": 825
                    }
                ]
            },
            {
                "delta_height": 10,
                "line_type": "gap",
                "height": 15
            },
            {
                "line_type": "text",
                "height": 28,
                "delta_height": 12,
                "fields": [
                    {
                        "field_type": "gap",
                        "delta_width": 30,
                        "width": 65
                    },
                    {
                        "field_type": "text",
                        "cost": 0.6,
                        "field_name": "parent_11",
                        "is_optional": true,
                        "delta_width": 720,
                        "width": 730
                    },
                    {
                        "field_type": "gap",
                        "delta_width": 740,
                        "width": 825
                    }
                ]
            },
            {
                "delta_height": 40,
                "line_type": "gap",
                "height": 120
            },
            {
                "line_type": "text",
                "height": 28,
                "delta_height": 10,
                "fields": [
                    {
                        "field_type": "gap",
                        "delta_width": 45,
                        "width": 60
                    },
                    {
                        "field_type": "text",
                        "cost": 1,
                        "field_name": "issue_date",
                        "is_optional": false,
                        "delta_width": 30,
                        "width": 220
                    },
                    {
                        "field_type": "gap",
                        "delta_width": 70,
                        "width": 320
                    },
                    {
                        "field_type": "text",
                        "cost": 1,
                        "field_name": "authority",
                        "is_optional": false,
                        "delta_width": 330,
                        "width": 340
                    },
                    {
                        "field_type": "gap",
                        "delta_width": 340,
                        "width": 350
                    }
                ]
            },
            {
                "delta_height": 40,
                "line_type": "gap",
                "height": 60
            },
            {
                "line_type": "text",
                "height": 28,
                "delta_height": 14,
                "fields": [
                    {
                        "field_type": "gap",
                        "delta_width": 50,
                        "width": 60
                    },
                    {
                        "field_type": "text",
                        "cost": 1,
                        "field_name": "expiry_date",
                        "is_optional": false,
                        "delta_width": 30,
                        "width": 220,
                        "gap_left": 16
                    },
                    {
                        "field_type": "gap",
                        "delta_width": 80,
                        "width": 660
                    }
                ]
            },
            {
                "delta_height": 100,
                "line_type": "gap",
                "height": 130
            }
        ]
    }
}