{
    "type": "common", 
    "settings": {
        "processing": {
            "use_blink_removing": false, 
            "blink_removing_percent": 0.1, 
            "use_background_closing": true, 
            "background_closing_wx": 4, 
            "background_closing_wy": 4, 
            "use_morphology_open": true, 
            "morphology_open_wx": 15, 
            "morphology_open_wy": 1, 
            "use_morphology_close": true, 
            "morphology_close_wx": 3, 
            "morphology_close_wy": 3, 
            "use_autocontrast": true, 
            "autocontrast_satur_black": 0.02, 
            "autocontrast_satur_white": 0.05, 
            "use_angle_detector": true, 
            "use_saturation": false, 
            "deskewer": ":/mixangler/common_deskewer.json", 
            "use_rgb_channel": 2
        }, 
        "settings": {
            "max_v_size": 50, 
            "min_v_size": 20, 
            "min_h_size": 40, 
            "min_h_gap": 30, 
            "step_x": 20, 
            "step_y": 15
        }, 
        "layout": [
            {
                "objects": [
                    {
                        "name": "naturalidade"
                    }
                ]
            }, 
            {}
        ]
    }
}