{
    "type": "dynamic",
    "settings": {
        "preprocessing": {
            "processing_steps": [
                {
                    "type": "blink_removing",
                    "settings": {
                        "blink_removing_percent": 0.1
                    }
                },
                {
                    "type": "background_closing",
                    "settings": {
                        "background_closing_wy": 4,
                        "background_closing_wx": 4
                    }
                },
                {
                    "type": "morphology_open",
                    "settings": {
                        "morphology_open_wy": 2,
                        "morphology_open_wx": 10
                    }
                },
                {
                    "type": "autocontrast",
                    "settings": {
                        "autocontrast_satur_white": 0.05,
                        "autocontrast_satur_black": 0.02
                    }
                },
                {
                    "type": "angle_detection",
                    "settings": {
                        "width_downscale": 0.5,
                        "height_downscale": 1.0
                    }
                }
            ],
            "settings": {
                "threshold_additional": 0.1
            }
        },
        "settings": {
            "adapter_bot_padding": 25,
            "grid_step_y": 1,
            "grid_step_x": 1,
            "gap_right": 20,
            "gap_left": 13,
            "gap_bot": 4,
            "gap_top": 6,
            "score_type": "otsu",
            "rejection_threshold": 0.15,
            "default_gap_dp_cost": 0.0,
            "default_gap_otsu_cost": 0.3,
            "local_otsu_window_wing": 4
        },
        "layout": [
            {
                "delta_height": 60,
                "line_type": "gap",
                "height": 60
            },
            {
                "delta_height": 10,
                "line_type": "text",
                "height": 30,
                "fields": [
                    {
                        "field_type": "gap",
                        "delta_width": 15,
                        "width": 180
                    },
                    {
                        "field_type": "text",
                        "cost": 1.0,
                        "field_name": "rne_number",
                        "is_optional": false,
                        "delta_width": 15,
                        "width": 180
                    },
                    {
                        "field_type": "gap",
                        "delta_width": 10,
                        "width": 30
                    },
                    {
                        "field_type": "text",
                        "cost": 1.0,
                        "field_name": "classification",
                        "is_optional": false,
                        "delta_width": 15,
                        "width": 235
                    },
                    {
                        "field_type": "gap",
                        "delta_width": 10,
                        "width": 55
                    },
                    {
                        "field_type": "text",
                        "cost": 1.0,
                        "field_name": "expiry_date",
                        "is_optional": false,
                        "delta_width": 15,
                        "width": 165
                    },
                    {
                        "field_type": "gap",
                        "delta_width": 10,
                        "width": 25
                    }
                ]
            },
            {
                "delta_height": 15,
                "line_type": "gap",
                "height": 43
            },
            {
                "delta_height": 10,
                "line_type": "text",
                "height": 30,
                "fields": [
                    {
                        "field_type": "gap",
                        "delta_width": 15,
                        "width": 25
                    },
                    {
                        "field_type": "text",
                        "cost": 1.0,
                        "field_name": "name",
                        "is_optional": false,
                        "delta_width": 800,
                        "width": 800
                    },
                    {
                        "field_type": "gap",
                        "delta_width": 800,
                        "width": 800
                    }
                ]
            },
            {
                "delta_height": 15,
                "line_type": "gap",
                "height": 75
            },
            {
                "delta_height": 10,
                "line_type": "text",
                "height": 25,
                "fields": [
                    {
                        "field_type": "gap",
                        "delta_width": 15,
                        "width": 25
                    },
                    {
                        "field_type": "text",
                        "cost": 1.0,
                        "field_name": "membership0",
                        "is_optional": false,
                        "delta_width": 420,
                        "width": 420
                    },
                    {
                        "field_type": "gap",
                        "delta_width": 420,
                        "width": 800
                    }
                ]
            },
            {
                "delta_height": 10,
                "line_type": "gap",
                "height": 25
            },
            {
                "delta_height": 10,
                "line_type": "text",
                "height": 25,
                "fields": [
                    {
                        "field_type": "gap",
                        "delta_width": 15,
                        "width": 25
                    },
                    {
                        "field_type": "text",
                        "cost": 1.0,
                        "field_name": "membership1",
                        "is_optional": false,
                        "delta_width": 420,
                        "width": 420
                    },
                    {
                        "field_type": "gap",
                        "delta_width": 420,
                        "width": 800
                    }
                ]
            },
            {
                "delta_height": 10,
                "line_type": "gap",
                "height": 45
            },
            {
                "delta_height": 10,
                "line_type": "text",
                "height": 25,
                "fields": [
                    {
                        "field_type": "gap",
                        "delta_width": 15,
                        "width": 25
                    },
                    {
                        "field_type": "text",
                        "cost": 1.0,
                        "field_name": "nationality",
                        "is_optional": false,
                        "delta_width": 420,
                        "width": 420
                    },
                    {
                        "field_type": "gap",
                        "delta_width": 420,
                        "width": 800
                    }
                ]
            },
            {
                "delta_height": 10,
                "line_type": "gap",
                "height": 45
            },
            {
                "delta_height": 10,
                "line_type": "text",
                "height": 25,
                "fields": [
                    {
                        "field_type": "gap",
                        "delta_width": 15,
                        "width": 25
                    },
                    {
                        "field_type": "text",
                        "cost": 1.0,
                        "field_name": "birth_place",
                        "is_optional": false,
                        "delta_width": 420,
                        "width": 420
                    },
                    {
                        "field_type": "gap",
                        "delta_width": 420,
                        "width": 800
                    }
                ]
            },
            {
                "delta_height": 10,
                "line_type": "gap",
                "height": 45
            },
            {
                "delta_height": 10,
                "line_type": "text",
                "height": 25,
                "fields": [
                    {
                        "field_type": "gap",
                        "delta_width": 15,
                        "width": 25
                    },
                    {
                        "field_type": "text",
                        "cost": 1.0,
                        "field_name": "authority",
                        "is_optional": false,
                        "delta_width": 420,
                        "width": 420
                    },
                    {
                        "field_type": "gap",
                        "delta_width": 420,
                        "width": 800
                    }
                ]
            },
            {
                "delta_height": 60,
                "line_type": "gap",
                "height": 60
            }
        ]
    }
}