{
  "ita.id.type3": {
    "(documentation)": {
      "description": "Italian ID Card (biometric symbol the top-left corner, front)", 
      "name": "Italian ID Card", 
      "prado_link": "http://www.consilium.europa.eu/prado/en/ITA-BO-04004/index.html"
    }, 
    "expected_templates": ["ita.id.type3:front"], 
    "forensic_fields": [
      "check_cd_composite_mrz", 
      "check_cd_number_mrz", 
      "check_cd_birth_date_mrz", 
      "check_cd_expiry_date_mrz", 
      "check_birth_date", 
      "check_expiry_date", 
      "check_gender", 
      "check_issue_date", 
      "check_last_name", 
      "check_name", 
      "check_number"
    ], 
    "output_fields": [
      "last_name", 
      "name", 
      "issue_place", 
      "birth_date", 
      "birth_place", 
      "issue_date", 
      "expiry_date", 
      "nationality", 
      "access_number", 
      "gender", 
      "number", 
      "height", 
      "photo", 
      "signature", 
      "last_name_eng", 
      "name_eng", 
      "issue_place_eng", 
      "birth_place_eng", 
      "nationality_eng", 
      "parents", 
      "fiscal_code", 
      "birth_code", 
      "address", 
      "address_eng",
      "full_mrz", 
      "mrz_doc_type_code", 
      "mrz_birth_date", 
      "mrz_expiry_date", 
      "mrz_number", 
      "mrz_name", 
      "mrz_issuer", 
      "mrz_nationality", 
      "mrz_opt_data_1", 
      "mrz_opt_data_2", 
      "mrz_last_name", 
      "mrz_gender", 
      "mrz_line3", 
      "mrz_line1", 
      "mrz_line2"
    ], 
    "postprocessors": [
      ":/postprocessor/mrz/mrz_postprocessor_slot.json", 
      ":/postprocessor/mrz/mrz_convention_renaming_slot_notype.json", 
      {
        "input_fields": ["birth_date"], 
        "postprocessor": ":/postprocessor/date/default_birth_date_DDMMYYYY_postprocessor.json"
      }, 
      {
        "input_fields": ["issue_date"], 
        "postprocessor": ":/postprocessor/date/default_issue_date_DDMMYYYY_postprocessor.json"
      }, 
      {
        "input_fields": ["expiry_date"], 
        "postprocessor": ":/postprocessor/date/default_expiry_date_DDMMYYYY_postprocessor.json"
      }, 
      {
        "input_fields": ["number"], 
        "postprocessor": "postprocessors/id_type3_number_postprocessor.json"
      }, 
      {
        "input_fields": ["access_number"], 
        "postprocessor": ":/postprocessor/alphabet/digits_only_number_6_postprocessor.json"
      }, 
      {
        "input_fields": ["fiscal_code"], 
        "postprocessor": "postprocessors/id_type3_fiscal_code_postprocessor.json"
      }, 
      {
        "input_fields": ["birth_code"], 
        "postprocessor": "postprocessors/id_t3_back_birth_code_replacer.json"
      }, 
      {
        "input_fields": ["address"], 
        "postprocessor": "postprocessors/address_replacer.json"
      }, 
      {"input_fields": ["gender"], "postprocessor": ":/postprocessor/dict/M_F.json"}, 
      {
        "input_fields": ["birth_place"], 
        "postprocessor": ":/postprocessor/spaces_stripper.json"
      }, 
      {
        "input_fields": ["birth_place"], 
        "postprocessor": ":/postprocessor/symbols_and_digits_replacer.json"
      }, 
      {
        "allow_incomplete_inputs": true, 
        "input_fields": [
          "nationality", 
          "name", 
          "last_name", 
          "birth_place", 
          "issue_place",
          "address"
        ], 
        "output_fields": [
          "nationality", 
          "nationality_eng", 
          "name", 
          "name_eng", 
          "last_name", 
          "last_name_eng", 
          "birth_place", 
          "birth_place_eng", 
          "issue_place", 
          "issue_place_eng",
          "address",
          "address_eng"
        ], 
        "postprocessor": {
          "settings": {
            "cloning_map": {
              "birth_place": "birth_place_eng", 
              "issue_place": "issue_place_eng", 
              "last_name": "last_name_eng", 
              "name": "name_eng", 
              "nationality": "nationality_eng",
              "address": "address_eng"
            }
          }, 
          "type": "clone"
        }
      }, 
      {
        "input_fields": ["birth_place"], 
        "output_fields": ["birth_place_eng", "birth_place"], 
        "postprocessor": "postprocessors/splitter_birth_place.json"
      }, 
      {
        "input_fields": ["birth_place"], 
        "postprocessor": ":/postprocessor/spaces_stripper.json"
      }, 
      ":/postprocessor/check_mrz/id_check_mrz_fields_postprocessor_slot_variant25.json"
    ], 
    "rejectors": {"__default__": ":/rejector/default_loyal_rejector.json"}, 
    "templates": {
      "ita.id.type3:back": {"path": "tpl__ita.id.type3.back.json"}, 
      "ita.id.type3:front": {"path": "tpl__ita.id.type3.front.json"}
    }
  }
}