{
  "ita.passport.type1": {
    "(documentation)": {
      "description": "Italian Passport (Italian emblem on the background, main page)", 
      "name": "Italian Passport", 
      "prado_link": "http://www.consilium.europa.eu/prado/en/ITA-AO-02004/index.html"
    }, 
    "expected_templates": ["ita.passport.type1:main"], 
    "forensic_fields": [
      "check_dates", 
      "check_number", 
      "check_last_name", 
      "check_name", 
      "check_gender", 
      "check_birth_date", 
      "check_expiry_date", 
      "check_cd_composite_mrz", 
      "check_cd_number_mrz", 
      "check_cd_birth_date_mrz", 
      "check_cd_opt_data_2_mrz", 
      "check_cd_expiry_date_mrz"
    ], 
    "output_fields": [
      "authority", 
      "authority_eng", 
      "number", 
      "last_name", 
      "last_name_eng", 
      "name", 
      "name_eng", 
      "nationality", 
      "nationality_eng", 
      "birth_date", 
      "birth_place", 
      "birth_place_eng", 
      "gender", 
      "type", 
      "code", 
      "issue_date", 
      "expiry_date", 
      "photo", 
      "signature", 
      "mrz_doc_type_code", 
      "mrz_birth_date", 
      "mrz_expiry_date", 
      "mrz_number", 
      "mrz_name", 
      "mrz_issuer", 
      "mrz_nationality", 
      "mrz_opt_data_2", 
      "mrz_last_name", 
      "mrz_line1", 
      "mrz_line2", 
      "full_mrz", 
      "mrz_gender"
    ], 
    "postprocessors": [
      ":/postprocessor/mrz/mrz_postprocessor_slot.json", 
      ":/postprocessor/mrz/mrz_convention_renaming_slot_notype.json", 
      {
        "input_fields": ["type"], 
        "postprocessor": ":/postprocessor/dict/passport_type_postprocessor.json"
      }, 
      {"input_fields": ["code"], "postprocessor": ":/postprocessor/spaces_filter.json"}, 
      {
        "input_fields": ["birth_date"], 
        "postprocessor": ":/postprocessor/date/default_birth_date_DDMMYYYY_postprocessor.json"
      }, 
      {
        "input_fields": ["issue_date"], 
        "postprocessor": ":/postprocessor/date/default_issue_date_DDMMYYYY_postprocessor.json"
      }, 
      {
        "input_fields": ["expiry_date"], 
        "postprocessor": ":/postprocessor/date/default_expiry_date_DDMMYYYY_postprocessor.json"
      }, 
      {
        "input_fields": ["gender"], 
        "postprocessor": ":/postprocessor/alphabet/gender_alphabet_postprocessor.json"
      }, 
      {
        "input_fields": ["number"], 
        "postprocessor": "postprocessors/psp_number_postprocessor.json"
      }, 
      ":/postprocessor/check_dates_postprocessor_slot.json", 
      ":/postprocessor/passport_check_mrz_fields_postprocessor_slot.json", 
      {
        "allow_incomplete_inputs": true, 
        "input_fields": ["authority0", "authority1"], 
        "output_fields": ["authority", "authority0", "authority1"], 
        "postprocessor": {
          "settings": {
            "input_fields_sequence": ["authority0", "authority1"], 
            "output_field": "authority", 
            "separator": " "
          }, 
          "type": "merge"
        }
      }, 
      {
        "input_fields": ["authority"], 
        "postprocessor": "postprocessors/psp_auth_postprocessor.json"
      }, 
      {
        "allow_incomplete_inputs": true, 
        "input_fields": ["birth_place", "nationality", "authority", "last_name", "name"], 
        "output_fields": [
          "birth_place", 
          "birth_place_eng", 
          "nationality", 
          "nationality_eng", 
          "authority", 
          "authority_eng", 
          "last_name", 
          "last_name_eng", 
          "name", 
          "name_eng"
        ], 
        "postprocessor": {
          "settings": {
            "cloning_map": {
              "authority": "authority_eng", 
              "birth_place": "birth_place_eng", 
              "last_name": "last_name_eng", 
              "name": "name_eng", 
              "nationality": "nationality_eng"
            }
          }, 
          "type": "clone"
        }
      }
    ], 
    "rejectors": {"__default__": ":/rejector/default_loyal_rejector.json"}, 
    "templates": {
      "ita.passport.type1:main": {"path": "tpl__ita.passport.type1.main.json"}
    }
  }
}