{
  "ita.rp.type2": {
    "(documentation)": {
      "description": "Italian Residence Permit (chip on the left, back)", 
      "name": "Italian Residence Permit", 
      "prado_link": "http://www.consilium.europa.eu/prado/en/ITA-HO-03003/index.html"
    }, 
    "expected_templates": [], 
    "forensic_fields": [
      "check_cd_composite_mrz", 
      "check_cd_number_mrz", 
      "check_cd_birth_date_mrz", 
      "check_cd_expiry_date_mrz"
    ], 
    "output_fields": [
      "photo", 
      "signature", 
      "name", 
      "surname", 
      "type", 
      "remarks", 
      "expiry_date", 
      "number", 
      "issue_date", 
      "authority", 
      "birth_date", 
      "birth_place", 
      "nationality", 
      "gender", 
      "full_mrz", 
      "mrz_doc_type_code", 
      "mrz_issuer", 
      "mrz_expiry_date", 
      "mrz_opt_data_1", 
      "mrz_opt_data_2", 
      "mrz_birth_date", 
      "mrz_nationality", 
      "mrz_line3", 
      "mrz_number", 
      "mrz_line1", 
      "mrz_gender", 
      "mrz_line2", 
      "mrz_last_name", 
      "mrz_name"
    ], 
    "postprocessors": [
      ":/postprocessor/mrz/mrz_postprocessor_slot.json", 
      ":/postprocessor/mrz/mrz_convention_renaming_slot_notype.json", 
      {
        "input_fields": ["birth_date"], 
        "postprocessor": ":/postprocessor/date/default_birth_date_DDMMYYYY_postprocessor.json"
      }, 
      {
        "input_fields": ["issue_date"], 
        "postprocessor": ":/postprocessor/date/default_issue_date_DDMMYYYY_postprocessor.json"
      }, 
      {
        "input_fields": ["expiry_date"], 
        "postprocessor": ":/postprocessor/date/default_expiry_date_DDMMYYYY_postprocessor.json"
      }, 
      {"input_fields": ["gender"], "postprocessor": ":/postprocessor/dict/M_F.json"}, 
      {
        "input_fields": ["number"], 
        "postprocessor": "postprocessors/rp_number_postprocessor.json"
      }
    ], 
    "rejectors": {"__default__": ":/rejector/default_loyal_rejector.json"}, 
    "templates": {
      "ita.rp.type2:back": {"path": "tpl__ita.rp.type2.back.json"}, 
      "ita.rp.type2:front": {"path": "tpl__ita.rp.type2.front.json"}
    }
  }
}