{
  "ita.id.type1": {
    "(documentation)": {
      "description": "Italian ID Card (Italian emblen on the top, page 1)", 
      "name": "Italian ID Card",
      "prado_link": "http://www.consilium.europa.eu/prado/en/ITA-BO-03001/index.html"
    }, 
    "expected_templates": [],
    "output_fields": [
      "address", 
      "birth_date", 
      "birth_place", 
      "eyes",
      "first_name",
      "hair",
      "height",
      "issue_date",
      "issue_place",
      "last_name", 
      "marital_status",
      "n",
      "name", 
      "nationality",
      "number",
      "number1", 
      "number3",
      "p",
      "photo",
      "profession",
      "remarks",
      "s",
      "signature"
    ], 
    "postprocessors": [
      {
        "input_fields": ["birth_date"], 
        "postprocessor": ":/postprocessor/date/default_birth_date_DDMMYYYY_postprocessor.json"
      },
      {
        "input_fields": ["issue_date"], 
        "postprocessor": ":/postprocessor/date/default_issue_date_DDMMYYYY_postprocessor.json"
      },
      {
        "input_fields": ["number1"], 
        "postprocessor": "postprocessors/id_type1_number_postprocessor.json"
      },
      {
        "input_fields": ["number"], 
        "postprocessor": "postprocessors/id_type1_number_postprocessor.json"
      },
      {
        "input_fields": ["height"], 
        "postprocessor": ":/postprocessor/strings_replacer_o0.json"
      },
      {
        "input_fields": ["s"], 
        "postprocessor": ":/postprocessor/strings_replacer_o0.json"
      },
      {
        "input_fields": ["s"], 
        "postprocessor": ":/postprocessor/strings_replacer_o0.json"
      },
      {
        "input_fields": ["address"], 
        "postprocessor": ":/postprocessor/O0_replacer.json"
      }
    ], 
    "rejectors": {"__default__": ":/rejector/default_neutral_rejector.json"}, 
    "templates": {
      "ita.id.type1:page1": {"path": "tpl__ita.id.type1.page1.json"}, 
      "ita.id.type1:page2": {"path": "tpl__ita.id.type1.page2.json"},
      "ita.id.type1:page3": {"path": "tpl__ita.id.type1.page3.json"},
      "ita.id.type1:page4": {"path": "tpl__ita.id.type1.page4.json"}
    }
  }
}
