{
  "ita.id.type1:page4": {
    "config": "templates/ita.id.type1.page4.common.json",
    "expected_fields": [
      "address0",
      "birth_place",
      "birth_date",
      "name",
      "nationality",
      "address",
      "height",
      "surname",
      "number"
    ],
    "fields": {
      "address": {
        "scale": 1.5,
        "workflow": "field_processors/id_address.json"
      },
      "address0": {
        "scale": 1.9,
        "workflow": {
          "settings": {
            "custom_alphabet": "ABCDEFGHIJKLMNOPQRSTUVWXYZ -.,/'\\\"123456789",
            "recstr": ":/recstr/111_eu_n0072_recstr.json"
          },
          "type": "common"
        }
      },
      "birth_date": {
        "scale": 2.0,
        "workflow": {
          "settings": {
            "custom_alphabet": "0123456789 -/.",
            "deshearer": ":/mixangler/dummy_deshearer.json",
            "recstr": ":/recstr/001__n0004_recstr.json"
          },
          "type": "common"
        }
      },
      "birth_place": {
        "scale": 1.5,
        "workflow": "field_processors/id_city.json"
      },
      "cittadinanza": {
        "scale": 1.5,
        "workflow": "field_processors/id_fio.json"
      },
      "height": {
        "scale": 1.9,
        "workflow": {
          "settings": {
            "custom_alphabet": "abcdefghijklmnopqrstuvwxyz1234567890.,' ",
            "recstr": ":/recstr/111_eu_n0072_recstr.json"
          },
          "type": "common"
        }
      },
      "job": {
        "scale": 1.5,
        "workflow": "field_processors/id_fio.json"
      },
      "name": {
        "scale": 1.9,
        "workflow": {
          "settings": {
            "custom_alphabet": "ABCDEFGHIJKLMNOPQRSTUVWXYZ -",
            "recstr": ":/recstr/111_eu_n0097_recstr.json"
          },
          "type": "common"
        }
      },
      "nationality": {
        "scale": 1.8,
        "workflow": {
          "settings": {
            "custom_alphabet": "ABCDEFGHIJKLMNOPQRSTUVWXYZabcdefghijklmnopqrstuvwxyz ",
            "deshearer": ":/mixangler/dummy_deshearer.json",
            "recstr": ":/recstr/111_eu_n0072_recstr.json"
          },
          "type": "common"
        }
      },
      "number": {
        "scale": 1.0,
        "workflow": {
          "settings": {
            "custom_alphabet": "ABCDEFGHIJKLMNOPQRSTUVWXYZ -.,/'\\\"123456789",
            "recstr": ":/recstr/111_eu_n0304_recstr.json"
          },
          "type": "common"
        }
      },
      "page2_name": {
        "scale": 1.5,
        "workflow": "field_processors/id_fio.json"
      },
      "page2_surname": {
        "scale": 1.5,
        "workflow": "field_processors/id_fio.json"
      },
      "residenza": {
        "scale": 1.5,
        "workflow": "field_processors/id_fio.json"
      },
      "stato_civile": {
        "scale": 1.5,
        "workflow": "field_processors/id_fio.json"
      },
      "surname": {
        "scale": 1.9,
        "workflow": {
          "settings": {
            "custom_alphabet": "ABCDEFGHIJKLMNOPQRSTUVWXYZ -.,/'\\\"123456789",
            "deshearer": ":/mixangler/dummy_deshearer.json",
            "recstr": ":/recstr/111_eu_n0072_recstr.json"
          },
          "type": "common"
        }
      }
    },
    "formatters": [
      {
        "formatter": ":/postprocessor/dummy_postprocessor.json",
        "input_fields": [
          "page2_surname"
        ]
      },
      {
        "formatter": {
          "settings": {
            "input_field": "height",
            "output_fields_sequence": [
              "mt. ",
              "height"
            ],
            "separator": "MT. "
          },
          "type": "splitter"
        },
        "input_fields": [
          "height"
        ],
        "output_fields": [
          "mt. ",
          "height"
        ]
      },
      {
        "formatter": ":/postprocessor/spaces_filter.json",
        "input_fields": [
          "nationality"
        ]
      },
      {
        "formatter": ":/postprocessor/punctuation_filter.json",
        "input_fields": [
          "surname"
        ]
      },
      {
        "formatter": ":/postprocessor/punctuation_filter.json",
        "input_fields": [
          "address0"
        ]
      },
      {
        "formatter": ":/postprocessor/punctuation_filter.json",
        "input_fields": [
          "name"
        ]
      },
      {
        "formatter": ":/postprocessor/dummy_postprocessor.json",
        "input_fields": [
          "page2_name"
        ]
      },
      {
        "formatter": ":/postprocessor/dummy_postprocessor.json",
        "input_fields": [
          "birth_place"
        ]
      },
      {
        "formatter": ":/postprocessor/dummy_postprocessor.json",
        "input_fields": [
          "address"
        ]
      },
      {
        "formatter": ":/postprocessor/dummy_postprocessor.json",
        "input_fields": [
          "cittadinanza"
        ]
      },
      {
        "formatter": ":/postprocessor/dummy_postprocessor.json",
        "input_fields": [
          "residenza"
        ]
      },
      {
        "formatter": ":/postprocessor/dummy_postprocessor.json",
        "input_fields": [
          "stato_civile"
        ]
      },
      {
        "formatter": ":/postprocessor/dummy_postprocessor.json",
        "input_fields": [
          "job"
        ]
      },
      {
        "formatter": ":/postprocessor/date/default_birth_date_DDMMYYYY_formatter.json",
        "input_fields": [
          "birth_date"
        ]
      }
    ],
    "image_integrators": {
      "__default__": ":/integrator/default_image_integrator.json"
    },
    "integrators": {
      "__default__": ":/integrator/default_rover_integrator.json",
      "birth_date": ":/integrator/default_token_integrator.json"
    },
    "size": [
      750,
      1100
    ],
    "zones": {
      "data_zone1": {
        "rect": [
          115,
          660,
          480,
          190
        ],
        "workflow": {
          "settings": {
            "vertsgm": "vertsgm/ita_id_t1_data_zone4_with_dp.json"
          },
          "type": "common"
        }
      }
    }
  }
}