{
  "ita.passport.type1:main": {
    "config": "templates/ita.passport.type1.main.common.json",
    "expected_fields": ["issue_date", "number"],
    "fields": {
      "authority0": {
        "scale": 2.5,
        "workflow": {
          "settings": {
            "custom_alphabet": "ABCDEFGHIJKLMNOPQRSTUVWXYZ ",
            "deshearer": ":/mixangler/dummy_deshearer.json",
            "recstr": ":/recstr/111_eu_n0110_recstr.json"
          },
          "type": "common"
        }
      },
      "authority1": {
        "scale": 2.5,
        "workflow": {
          "settings": {
            "custom_alphabet": "ABCDEFGHIJKLMNOPQRSTUVWXYZ ",
            "deshearer": ":/mixangler/dummy_deshearer.json",
            "recstr": ":/recstr/111_eu_n0099_recstr.json"
          },
          "type": "common"
        }
      },
      "birth_date": {
        "scale": 1.9,
        "workflow": {
          "settings": {
            "custom_alphabet": "ABCDEFGHIJKLMNOPQRSTUVWXYZ /123456789",
            "deshearer": ":/mixangler/dummy_deshearer.json",
            "recstr": ":/recstr/111_eu_n0076_recstr.json"
          },
          "type": "common"
        }
      },
      "birth_place": {
        "scale": 1.9,
        "workflow": {
          "settings": {
            "custom_alphabet": "ABCDEFGHIJKLMNOPQRSTUVWXYZ .-/'()",
            "deshearer": ":/mixangler/dummy_deshearer.json",
            "recstr": ":/recstr/111_eu_n0362_recstr.json"
          },
          "type": "common"
        }
      },
      "code": {
        "scale": 2.0,
        "workflow": {
          "settings": {
            "custom_alphabet": "AABCDEFGHIJKLMNOOPQRS?TUUVWXYZ -/",
            "recstr": ":/recstr/111_eu_n0080_recstr.json"
          },
          "type": "common"
        }
      },
      "expiry_date": {
        "scale": 1.9,
        "workflow": {
          "settings": {
            "custom_alphabet": "ABCDEFGHIJKLMNOPQRSTUVWXYZ /123456789",
            "deshearer": ":/mixangler/dummy_deshearer.json",
            "recstr": ":/recstr/111_eu_n0362_recstr.json"
          },
          "type": "common"
        }
      },
      "gender": {
        "scale": 1.9,
        "workflow": {
          "settings": {
            "custom_alphabet": "MF ",
            "deshearer": ":/mixangler/dummy_deshearer.json",
            "recstr": ":/recstr/111_eu_n0000_recstr.json"
          },
          "type": "common"
        }
      },
      "issue_date": {
        "scale": 1.9,
        "workflow": {
          "settings": {
            "custom_alphabet": "ABCDEFGHIJKLMNOPQRSTUVWXYZ -.,/'\\\"123456789",
            "deshearer": ":/mixangler/dummy_deshearer.json",
            "recstr": ":/recstr/111_eu_n0362_recstr.json"
          },
          "type": "common"
        }
      },
      "last_name": {
        "scale": 1.9,
        "workflow": {
          "settings": {
            "custom_alphabet": "ABCDEFGHIJKLMNOPQRSTUVWXYZ -.",
            "deshearer": ":/mixangler/dummy_deshearer.json",
            "recstr": ":/recstr/111_eu_n0362_recstr.json"
          },
          "type": "common"
        }
      },
      "mrz_line1": {"scale": 1.2, "workflow": ":/mrz-data/mrz_field_workflow.json"},
      "mrz_line2": {"scale": 1.2, "workflow": ":/mrz-data/mrz_field_workflow.json"},
      "name": {
        "scale": 1.9,
        "workflow": {
          "settings": {
            "custom_alphabet": "ABCDEFGHIJKLMNOPQRSTUVWXYZ -.'",
            "deshearer": ":/mixangler/dummy_deshearer.json",
            "recstr": ":/recstr/111_eu_n0362_recstr.json"
          },
          "type": "common"
        }
      },
      "nationality": {
        "scale": 1.9,
        "workflow": {
          "settings": {
            "custom_alphabet": "ABCDEFGHIJKLMNOPQRSTUVWXYZ -.",
            "deshearer": ":/mixangler/dummy_deshearer.json",
            "recstr": ":/recstr/111_eu_n0362_recstr.json"
          },
          "type": "common"
        }
      },
      "number": {
        "scale": 1.4,
        "workflow": {
          "settings": {
            "custom_alphabet": "ABCDEFGHIJKLMNOPQRSTUVWXYZ 0123456789",
            "deshearer": ":/mixangler/dummy_deshearer.json",
            "recstr": ":/recstr/111_eu_n0086_recstr.json"
          },
          "type": "common"
        }
      },
      "photo": {"workflow": {"settings": {}, "type": "image"}},
      "signature": {"workflow": {"settings": {}, "type": "image"}},
      "type": {
        "scale": 2.0,
        "workflow": {
          "settings": {
            "custom_alphabet": "BDOPSTACEXMRNFIJVW ",
            "deshearer": ":/mixangler/dummy_deshearer.json",
            "recstr": ":/recstr/app_111_eu_ocrblike_nospacing.json"
          },
          "type": "common"
        }
      }
    },
    "formatters": [
      ":/postprocessor/mrz/mrz_formatter_slot_new_mrp.json",
      {
        "formatter": "postprocessors/psp_birth_date_formatter.json",
        "input_fields": ["birth_date"]
      },
      {
        "formatter": "postprocessors/psp_issue_date_formatter.json",
        "input_fields": ["issue_date"]
      },
      {
        "formatter": "postprocessors/psp_expiry_date_formatter.json",
        "input_fields": ["expiry_date"]
      },
      {
        "formatter": ":/postprocessor/spaces_filter.json",
        "input_fields": ["nationality"]
      },
      {"formatter": ":/postprocessor/spaces_filter.json", "input_fields": ["number"]}
    ],
    "image_integrators": {
      "__default__": ":/integrator/default_image_integrator.json",
      "photo": ":/integrator/default_photo_integrator.json"
    },
    "integrators": {
      "__default__": ":/integrator/default_rover_integrator.json",
      "full_mrz": ":/integrator/default_mrz_integrator.json"
    },
    "size": [800, 560],
    "zones": {
      "authority": {
        "rect": [470, 300, 330, 90],
        "workflow": {
          "settings": {"vertsgm": "vertsgm/psp_type1_auth_multi_seq.json"},
          "type": "common"
        }
      },
      "data": {
        "rect": [237, 48, 537, 370],
        "workflow": {
          "settings": {"vertsgm": "vertsgm/psp_type1_data_with_dp.json"},
          "type": "common"
        }
      },
      "mrz_zone": {
        "rect": [0, 300, 800, 260],
        "size_override": [1200, 390],
        "workflow": ":/mrz-data/mrz_zone_workflow_mrp.json"
      },
      "number": {
        "rect": [533, 60, 255, 100],
        "workflow": {
          "settings": {"vertsgm": "vertsgm/psp_type1_number_with_dp.json"},
          "type": "common"
        }
      },
      "photo_zone": {
        "rect": [0, 50, 300, 400],
        "workflow": ":/photo_retriever/common_objed_photo_retriever.json"
      },
      "signature": {
        "rect": [520, 360, 280, 80],
        "workflow": ":/signature_retriever/signature_retriever.json"
      }
    }
  }
}