{
  "ita.drvlic.type1:front": {
    "expected_fields": [
      "issue_date",
      "last_name",
      "name",
      "number",
      "authority",
      "expiry_date",
      "birth_date"
    ],
    "fields": {
      "birth_place1": {
        "scale": 2.1,
        "workflow": {
          "type": "common",
          "settings": {
            "custom_alphabet": "ABCDEFGHIJKLMNOPQRSTUVWXYZ.-, ()",
            "deshearer": ":/mixangler/dummy_deshearer.json",
            "recstr": ":/recstr/111_eu_n0072_recstr.json"
          }
        }
      },
      "birth_place0": {
        "scale": 2.1,
        "workflow": {
          "type": "common",
          "settings": {
            "custom_alphabet": "ABCDEFGHIJKLMNOPQRSTUVWXYZ.-, ()",
            "deshearer": ":/mixangler/dummy_deshearer.json",
            "recstr": ":/recstr/111_eu_n0054_recstr.json"
          }
        }
      },
      "issue_date": {
        "scale": 2.0,
        "workflow": {
          "type": "common",
          "settings": {
            "custom_alphabet": "0123456789 -/.",
            "deshearer": ":/mixangler/dummy_deshearer.json",
            "recstr": ":/recstr/001__n0003_recstr.json"
          }
        }
      },
      "last_name": {
        "scale": 2.0,
        "workflow": {
          "type": "common",
          "settings": {
            "custom_alphabet": "ABCDEFGHIJKLMNOPQRSTUVWXYZ -.",
            "deshearer": ":/mixangler/dummy_deshearer.json",
            "recstr": ":/recstr/111_eu_n0133_recstr.json"
          }
        }
      },
      "name": {
        "scale": 2.2,
        "workflow": {
          "type": "common",
          "settings": {
            "custom_alphabet": "ABCDEFGHIJKLMNOPQRSTUVWXYZ -.",
            "deshearer": ":/mixangler/dummy_deshearer.json",
            "recstr": ":/recstr/111_eu_n0133_recstr.json"
          }
        }
      },
      "photo": {"workflow": {"type": "image", "settings": {}}},
      "number": {
        "scale": 2.1,
        "workflow": {
          "type": "common",
          "settings": {
            "custom_alphabet": "ABCDEFGHIJKLMNOPQRSTUVWXYZ 123456789",
            "deshearer": ":/mixangler/dummy_deshearer.json",
            "recstr": ":/recstr/111_eu_n0166_recstr.json"
          }
        }
      },
      "authority": {
        "scale": 2.1,
        "workflow": {
          "type": "common",
          "settings": {
            "custom_alphabet": "ABCDEFGHIJKLMNOPQRSTUVWXYZ- ",
            "deshearer": ":/mixangler/dummy_deshearer.json",
            "recstr": ":/recstr/111_eu_n0390_recstr.json"
          }
        }
      },
      "expiry_date": {
        "scale": 2.0,
        "workflow": {
          "type": "common",
          "settings": {
            "custom_alphabet": "0123456789 -/.",
            "deshearer": ":/mixangler/dummy_deshearer.json",
            "recstr": ":/recstr/001__n0004_recstr.json"
          }
        }
      },
      "signature": {"workflow": {"type": "image", "settings": {}}},
      "birth_date": {
        "scale": 2.0,
        "workflow": {
          "type": "common",
          "settings": {
            "custom_alphabet": "0123456789 -/.",
            "deshearer": ":/mixangler/dummy_deshearer.json",
            "recstr": ":/recstr/001__n0087_recstr.json"
          }
        }
      },
      "categories": {
        "scale": 2.1,
        "workflow": {
          "type": "common",
          "settings": {
            "custom_alphabet": "ABCDEM129 ",
            "deshearer": ":/mixangler/dummy_deshearer.json",
            "recstr": ":/recstr/111_eu_n0089_recstr.json"
          }
        }
      }
    },
    "formatters": [
      {
        "formatter": ":/postprocessor/date/default_issue_date_DDMMYYYY_formatter.json",
        "input_fields": ["issue_date"]
      },
      {
        "formatter": ":/postprocessor/date/default_expiry_date_DDMMYYYY_formatter.json",
        "input_fields": ["expiry_date"]
      },
      {
        "formatter": ":/postprocessor/punctuation_filter.json",
        "input_fields": ["number"]
      },
      {
        "formatter": ":/postprocessor/date/default_birth_date_DDMMYY_formatter.json",
        "input_fields": ["birth_date"]
      },
      {
        "input_fields": ["authority"],
        "formatter": {
          "type": "splitter",
          "settings": {
            "input_field": "authority",
            "separator": ". ",
            "output_fields_sequence": ["m", "authority"]
          }
        },
        "output_fields": ["m", "authority"]
      },
      {
        "allow_incomplete_inputs": true,
        "input_fields": ["birth_place0", "birth_place1"],
        "output_fields": ["birth_place"],
        "postprocessor": {
          "type": "merge",
          "settings": {
            "output_field": "birth_place",
            "separator": " ",
            "input_fields_sequence": ["birth_place0", "birth_place1"]
          }
        }
      }
    ],
    "zones": {
      "photo_zone": {
        "rect": [0, 120, 250, 300],
        "workflow": ":/photo_retriever/common_objed_photo_retriever.json"
      },
      "data": {
        "rect": [258, 56, 537, 248],
        "workflow": {
          "type": "common",
          "settings": {"vertsgm": "vertsgm/new_drvlic_type1.json"}
        }
      },
      "categories": {
        "rect": [5, 380, 505, 65],
        "workflow": {
          "type": "common",
          "settings": {"vertsgm": "vertsgm/new_drvlic_type1_zone2.json"}
        }
      },
      "signature": {
        "rect": [280, 280, 360, 120],
        "workflow": ":/signature_retriever/signature_retriever.json"
      }
    },
    "integrators": {
      "__default__": ":/integrator/default_rover_integrator.json",
      "birth_date": ":/integrator/default_token_integrator.json",
      "issue_date": ":/integrator/default_token_integrator.json",
      "expiry_date": ":/integrator/default_token_integrator.json"
    },
    "image_integrators": {
      "__default__": ":/integrator/default_image_integrator.json",
      "photo": ":/integrator/default_photo_integrator.json"
    },
    "config": "templates/ita.drvlic.type1.front.common.json",
    "size": [856, 540]
  }
}