{
  "ita.id.type2:front": {
    "config": "templates/ita.id.type2.front.common.json",
    "expected_fields": [
      "last_name",
      "name",
      "number",
      "issue_place",
      "gender",
      "birth_place",
      "birth_date",
      "height"
    ],
    "fields": {
      "birth_date": {
        "scale": 2.0,
        "workflow": {
          "settings": {
            "custom_alphabet": "0123456789 -/",
            "deshearer": ":/mixangler/dummy_deshearer.json",
            "recstr": ":/recstr/001__n0094_recstr.json"
          },
          "type": "common"
        }
      },
      "birth_place": {
        "scale": 2.0,
        "workflow": {
          "settings": {
            "custom_alphabet": "ABCDEFGHIJKLMNOPQRSTUVWXYZ -.,/'",
            "deshearer": ":/mixangler/dummy_deshearer.json",
            "recstr": ":/recstr/app_111_eu_regular.json"
          },
          "type": "common"
        }
      },
      "gender": {
        "scale": 2.0,
        "workflow": {
          "settings": {
            "custom_alphabet": "ABCDEFGHIJKLMNOPQRSTUVWXYZ -.",
            "deshearer": ":/mixangler/dummy_deshearer.json",
            "recstr": ":/recstr/111_eu_n0097_recstr.json"
          },
          "type": "common"
        }
      },
      "height": {
        "scale": 2.0,
        "workflow": {
          "settings": {
            "custom_alphabet": "0123456789 ",
            "deshearer": ":/mixangler/dummy_deshearer.json",
            "recstr": ":/recstr/001__n0009_recstr.json"
          },
          "type": "common"
        }
      },
      "issue_place": {
        "scale": 2.0,
        "workflow": {
          "settings": {
            "custom_alphabet": "ABCDEFGHIJKLMNOPQRSTUVWXYZ -.,/'",
            "deshearer": ":/mixangler/dummy_deshearer.json",
            "recstr": ":/recstr/111_eu_n0099_recstr.json"
          },
          "type": "common"
        }
      },
      "last_name": {
        "scale": 2.0,
        "workflow": {
          "settings": {
            "custom_alphabet": "ABCDEFGHIJKLMNOPQRSTUVWXYZ -.,/'",
            "deshearer": ":/mixangler/dummy_deshearer.json",
            "recstr": ":/recstr/111_eu_n0133_recstr.json"
          },
          "type": "common"
        }
      },
      "mrz_line1": {"scale": 1.2, "workflow": ":/mrz-data/mrz_field_workflow.json"},
      "mrz_line2": {"scale": 1.2, "workflow": ":/mrz-data/mrz_field_workflow.json"},
      "mrz_line3": {"scale": 1.2, "workflow": ":/mrz-data/mrz_field_workflow.json"},
      "name": {
        "scale": 2.0,
        "workflow": {
          "settings": {
            "custom_alphabet": "ABCDEFGHIJKLMNOPQRSTUVWXYZ -.,/'",
            "deshearer": ":/mixangler/dummy_deshearer.json",
            "recstr": ":/recstr/111_eu_n0000_recstr.json"
          },
          "type": "common"
        }
      },
      "number": {
        "scale": 2.0,
        "workflow": {
          "settings": {
            "custom_alphabet": "ABCDEFGHIJKLMNOPQRSTUVWXYZ 123456789",
            "deshearer": ":/mixangler/dummy_deshearer.json",
            "recstr": ":/recstr/app_111_eu_ocrblike_spacing.json"
          },
          "type": "common"
        }
      },
      "photo": {"workflow": {"settings": {}, "type": "image"}},
      "remarks": {
        "scale": 2.0,
        "workflow": {
          "settings": {
            "custom_alphabet": "ABCDEFGHIJKLMNOPQRSTUVWXYZ -.,/'\\\"123456789",
            "recstr": ":/recstr/app_111_eu_ocrblike_nospacing.json"
          },
          "type": "common"
        }
      },
      "weight": {
        "scale": 2.0,
        "workflow": {
          "settings": {
            "custom_alphabet": "0123456789 ",
            "deshearer": ":/mixangler/dummy_deshearer.json",
            "recstr": ":/recstr/001__n0028_recstr.json"
          },
          "type": "common"
        }
      }
    },
    "formatters": [
      ":/postprocessor/mrz/mrz_formatter_slot_new_td1.json",
      {
        "formatter": ":/postprocessor/date/default_birth_date_DDMMYYYY_formatter.json",
        "input_fields": ["birth_date"]
      },
      {
        "formatter": ":/postprocessor/punctuation_filter.json",
        "input_fields": ["number"]
      },
      {"formatter": ":/postprocessor/spaces_filter.json", "input_fields": ["remarks"]},
      {
        "formatter": {
          "settings": {
            "input_field": "issue_place",
            "output_fields_sequence": ["trash", "issue_place"],
            "separator": "."
          },
          "type": "splitter"
        },
        "input_fields": ["issue_place"],
        "output_fields": ["trash", "issue_place"]
      }
    ],
    "image_integrators": {
      "__default__": ":/integrator/default_image_integrator.json",
      "photo": ":/integrator/default_photo_integrator.json"
    },
    "integrators": {
      "__default__": ":/integrator/default_rover_integrator.json",
      "birth_date": ":/integrator/default_token_integrator.json",
      "full_mrz": ":/integrator/default_mrz_integrator.json"
    },
    "size": [856, 540],
    "zones": {
      "mrz_zone": {
        "rect": [0, 310, 856, 230],
        "size_override": [800, 214],
        "workflow": ":/mrz-data/mrz_zone_workflow_td1.json"
      },
      "number_zone": {
        "rect": [630, 250, 205, 100],
        "workflow": {
          "settings": {"vertsgm": "vertsgm/ita.id.type2.front.number.json"},
          "type": "common"
        }
      },
      "photo_zone": {
        "rect": [0, 70, 250, 310],
        "workflow": ":/photo_retriever/common_objed_photo_retriever.json"
      },
      "zones": {
        "rect": [260, 120, 580, 240],
        "workflow": {
          "settings": {"vertsgm": "vertsgm/ita_id_type2_zones.json"},
          "type": "common"
        }
      }
    }
  }
}