{
  "ita.rp.type1:front": {
    "config": "templates/ita.rp.type1.front.common.json",
    "expected_fields": [
      "photo",
      "signature",
      "name",
      "surname",
      "type",
      "remarks",
      "expiry_date",
      "number",
      "issue_date",
      "authority"
    ],
    "fields": {
      "expiry_date": {
        "scale": 2.0,
        "workflow": {
          "settings": {
            "custom_alphabet": "0123456789 -/.",
            "recstr": ":/recstr/001__n0037_recstr.json"
          },
          "type": "common"
        }
      },
      "issue_date_and_issue_place": {
        "scale": 2.0,
        "workflow": {
          "settings": {
            "custom_alphabet": "ABCDEFGHIJKLMNOPQRSTUVWXYZ -.,/'\\\"123456789",
            "recstr": ":/recstr/111_eu_n0004_recstr.json"
          },
          "type": "common"
        }
      },
      "name": {
        "scale": 2.0,
        "workflow": {
          "settings": {
            "custom_alphabet": "ABCDEFGHIJKLMNOPQRSTUVWXYZ -.",
            "recstr": ":/recstr/111_eu_n0004_recstr.json"
          },
          "type": "common"
        }
      },
      "number": {
        "scale": 2.0,
        "workflow": {
          "settings": {
            "custom_alphabet": "ABCDEFGHIJKLMNOPQRSTUVWXYZ -.,/'\\\"123456789",
            "recstr": ":/recstr/111_eu_n0004_recstr.json"
          },
          "type": "common"
        }
      },
      "photo": {"workflow": {"settings": {}, "type": "image"}},
      "remarks0": {
        "scale": 2.0,
        "workflow": {
          "settings": {
            "custom_alphabet": "ABCDEFGHIJKLMNOPQRSTUVWXYZ -.,/'\\\"123456789",
            "recstr": ":/recstr/111_eu_n0004_recstr.json"
          },
          "type": "common"
        }
      },
      "remarks1": {
        "scale": 2.0,
        "workflow": {
          "settings": {
            "custom_alphabet": "ABCDEFGHIJKLMNOPQRSTUVWXYZ -.,/'\\\"123456789",
            "recstr": ":/recstr/111_eu_n0004_recstr.json"
          },
          "type": "common"
        }
      },
      "remarks2": {
        "scale": 2.0,
        "workflow": {
          "settings": {
            "custom_alphabet": "ABCDEFGHIJKLMNOPQRSTUVWXYZ -.,/'\\\"123456789",
            "recstr": ":/recstr/111_eu_n0004_recstr.json"
          },
          "type": "common"
        }
      },
      "signature": {"workflow": {"settings": {}, "type": "image"}},
      "surname": {
        "scale": 2.0,
        "workflow": {
          "settings": {
            "custom_alphabet": "ABCDEFGHIJKLMNOPQRSTUVWXYZ -.",
            "recstr": ":/recstr/111_eu_n0004_recstr.json"
          },
          "type": "common"
        }
      },
      "type0": {
        "scale": 2.0,
        "workflow": {
          "settings": {
            "custom_alphabet": "ABCDEFGHIJKLMNOPQRSTUVWXYZ -.",
            "recstr": ":/recstr/111_eu_n0004_recstr.json"
          },
          "type": "common"
        }
      },
      "type1": {
        "scale": 2.0,
        "workflow": {
          "settings": {
            "custom_alphabet": "ABCDEFGHIJKLMNOPQRSTUVWXYZ -.",
            "recstr": ":/recstr/111_eu_n0004_recstr.json"
          },
          "type": "common"
        }
      }
    },
    "formatters": [
      {
        "formatter": {
          "settings": {
            "input_field": "issue_date_and_issue_place",
            "output_fields_sequence": ["authority", "issue_date"],
            "separator": " "
          },
          "type": "splitter"
        },
        "input_fields": ["issue_date_and_issue_place"],
        "output_fields": ["authority", "issue_date"]
      },
      {
        "allow_incomplete_inputs": true,
        "formatter": {
          "settings": {
            "input_fields_sequence": ["type0", "type1"],
            "output_field": "type",
            "separator": " "
          },
          "type": "merge"
        },
        "input_fields": ["type0", "type1"],
        "output_fields": ["type"]
      },
      {
        "allow_incomplete_inputs": true,
        "formatter": {
          "settings": {
            "input_fields_sequence": ["remarks", "remarks1", "remarks2"],
            "output_field": "remarks",
            "separator": " "
          },
          "type": "merge"
        },
        "input_fields": ["remarks0", "remarks1", "remarks2"],
        "output_fields": ["remarks"]
      },
      {
        "formatter": ":/postprocessor/punctuation_filter.json",
        "input_fields": ["number"]
      },
      {
        "formatter": ":/postprocessor/date/default_issue_date_DDMMYYYY_formatter.json",
        "input_fields": ["issue_date"]
      },
      {
        "formatter": ":/postprocessor/date/default_expiry_date_DDMMYYYY_formatter.json",
        "input_fields": ["expiry_date"]
      }
    ],
    "image_integrators": {
      "__default__": ":/integrator/default_image_integrator.json",
      "photo": ":/integrator/default_photo_integrator.json"
    },
    "integrators": {
      "__default__": ":/integrator/default_rover_integrator.json",
      "expiry_date": ":/integrator/default_token_integrator.json",
      "issue_date": ":/integrator/default_token_integrator.json"
    },
    "size": [856, 540],
    "zones": {
      "data": {
        "rect": [268, 0, 588, 453],
        "workflow": {
          "settings": {
            "extract_field_images": true,
            "img_processor": {"settings": {"satur_coef": 1.5}, "type": "satur_suppress"},
            "zone_processor": {
              "settings": {"vertsgm": "vertsgm/new_rp_type1_front.json"},
              "type": "common"
            }
          },
          "type": "with_preprocessing"
        }
      },
      "photo_zone": {
        "rect": [0, 153, 296, 387],
        "workflow": ":/photo_retriever/common_objed_photo_retriever.json"
      },
      "signature": {
        "rect": [584, 458, 266, 76],
        "workflow": ":/signature_retriever/signature_retriever.json"
      }
    }
  }
}