{
  "ita.rp.type2:back": {
    "config": "templates/ita.rp.type2.back.common.json", 
    "expected_fields": [
      "birth_date", 
      "birth_place", 
      "nationality", 
      "gender", 
      "mrz_line_1", 
      "mrz_line_2", 
      "mrz_line_3", 
      "full_mrz", 
      "number_mrz", 
      "birth_date_mrz", 
      "gender_mrz", 
      "expiry_date_mrz", 
      "nationality_mrz", 
      "opt_data_2_mrz", 
      "first_name_mrz", 
      "last_name_mrz"
    ], 
    "fields": {
      "bdate_and_bplace": {
        "scale": 2.0, 
        "workflow": {
          "settings": {
            "custom_alphabet": "ABCDEFGHIJKLMNOPQRSTUVWXYZ -.,/'\\\"123456789", 
            "recstr": ":/recstr/111_eu_n0119_recstr.json"
          }, 
          "type": "common"
        }
      }, 
      "gender": {
        "scale": 2.0, 
        "workflow": {
          "settings": {
            "custom_alphabet": "ABCDEFGHIJKLMNOPQRSTUVWXYZ -.", 
            "recstr": ":/recstr/111_eu_n0004_recstr.json"
          }, 
          "type": "common"
        }
      }, 
      "mrz_line1": {"scale": 1.2, "workflow": ":/mrz-data/mrz_field_workflow.json"}, 
      "mrz_line2": {"scale": 1.2, "workflow": ":/mrz-data/mrz_field_workflow.json"}, 
      "mrz_line3": {"scale": 1.2, "workflow": ":/mrz-data/mrz_field_workflow.json"}, 
      "nationality": {
        "scale": 2.0, 
        "workflow": {
          "settings": {
            "custom_alphabet": "ABCDEFGHIJKLMNOPQRSTUVWXYZ -.", 
            "recstr": ":/recstr/111_eu_n0004_recstr.json"
          }, 
          "type": "common"
        }
      }
    }, 
    "formatters": [
      ":/postprocessor/mrz/mrz_formatter_slot_new_td1.json", 
      {
        "formatter": "postprocessors/bplace_and_bdate_formatter.json", 
        "input_fields": ["bdate_and_bplace"], 
        "output_fields": ["birth_date", "birth_place"]
      }
    ], 
    "image_integrators": {"__default__": ":/integrator/default_image_integrator.json"}, 
    "integrators": {
      "__default__": ":/integrator/default_rover_integrator.json", 
      "full_mrz": ":/integrator/default_mrz_integrator.json"
    }, 
    "size": [856, 540], 
    "zones": {
      "data_zone": {
        "rect": [229, 9, 566, 118], 
        "workflow": {
          "settings": {"vertsgm": "vertsgm/new_rp_type2_back.json"}, 
          "type": "common"
        }
      }, 
      "mrz_zone": {
        "rect": [0, 225, 856, 315], 
        "size_override": [800, 294], 
        "workflow": ":/mrz-data/mrz_zone_workflow_td1.json"
      }
    }
  }
}