{
  "ita.id.type1:page1": {
    "config": "templates/ita.id.type1.page1.common.json",
    "expected_fields": [
      "name",
      "number1"
    ],
    "fields": {
      "number1": {
        "scale": 1.0,
        "workflow": {
          "settings": {
            "custom_alphabet": "ABCDEFGHIJKLMNOPQRSTUVWXYZ 123456789",
            "recstr": ":/recstr/111_eu_n0304_recstr.json"
          },
          "type": "common"
        }
      },
      "name0": {
        "scale": 1.5,
        "workflow": "field_processors/id_fio.json"
      },
      "name1": {
        "scale": 1.5,
        "workflow": "field_processors/id_fio.json"
      }
    },
    "formatters": [
      {
        "formatter": ":/postprocessor/punctuation_filter.json",
        "input_fields": [
          "number1"
        ]
      },
      {
        "allow_incomplete_inputs": true, 
        "formatter":  {
          "type": "merge",
          "settings": {
            "input_fields_sequence": ["name0", "name1"],
            "output_field": "name",
            "separator": " " 
          }
        },
        "input_fields": [
          "name0", "name1"
        ],
        "output_fields": [
          "name"
        ]
      }
    ],
    "image_integrators": {
      "__default__": ":/integrator/default_image_integrator.json"
    },
    "integrators": {
      "__default__": ":/integrator/default_rover_integrator.json"
    },
    "size": [
      750,
      1100
    ],
    "zones": {
      "data_zone1": {
        "rect": [
          280,
          645,
          350,
          110
        ],
        "workflow": {
          "settings": {
            "vertsgm": "vertsgm/ita_id_t1_data_zone1_with_dp.json"
          },
          "type": "common"
        }
      },
      "data_zone1_2": {
        "rect": [
          100,
          811,
          563,
          187
        ],
        "workflow": {
          "settings": {
            "vertsgm": "vertsgm/ita_id_t1_data_zone1_2_with_dp.json"
          },
          "type": "common"
        }
      }
    }
  }
}