{
  "ita.id.type1:page3": {
    "config": "templates/ita.id.type1.page3.common.json",
    "expected_fields": [
      "issue_place",
      "issue_date"
    ],
    "fields": {
      "issue_date": {
        "scale": 1.3,
        "workflow": {
          "settings": {
            "custom_alphabet": "0123456789 -/.",
            "deshearer": ":/mixangler/dummy_deshearer.json",
            "recstr": ":/recstr/001__n0004_recstr.json"
          },
          "type": "common"
        }
      },
      "signature": {"workflow": {"settings": {}, "type": "image"}},
      "photo": {"workflow": {"settings": {}, "type": "image"}},
      "issue_place": {
        "scale": 1.3,
        "workflow": {
          "settings": {
            "custom_alphabet": "ABCDEFGHIJKLMNOPQRSTUVWXYZ -.,/'123456789",
            "deshearer": ":/mixangler/dummy_deshearer.json",
            "recstr": ":/recstr/111_eu_n0072_recstr.json"
          },
          "type": "common"
        }
      }
    },
    "formatters": [
      {
        "formatter": ":/postprocessor/date/default_issue_date_DDMMYYYY_formatter.json",
        "input_fields": ["issue_date"]
      }
    ],
    "image_integrators": {
      "__default__": ":/integrator/default_image_integrator.json",
      "photo": ":/integrator/default_photo_integrator.json"
    },
    "integrators": {
      "__default__": ":/integrator/default_rover_integrator.json"
    },
    "size": [750, 1100],
    "zones": {
      "photo_zone": {
        "rect": [155, 75, 465, 500],
        "type": "photo_retriever",
        "workflow": ":/photo_retriever/common_objed_photo_retriever.json"
      },
      "signature": {
        "rect": [275, 570, 424, 75],
        "workflow": ":/signature_retriever/signature_retriever.json"
      },
      "data_zone1": {
        "rect": [
          58,
          611,
          649,
          94
        ],
        "workflow": {
          "settings": {
            "vertsgm": "vertsgm/ita_id_t1_data_zone3_with_dp.json"
          },
          "type": "common"
        }
      }
    }
  }
}