[
    {
        "(source)": "sources/gbr.passport.type4.main.common.sample0.png",
        "descriptors": [
            {
                "angle": 0,
                "path": "variants/gbr.passport.type4.main.common.sample0_0.desc"
            },
            {
                "angle": 90,
                "path": "variants/gbr.passport.type4.main.common.sample0_1.desc"
            },
            {
                "angle": 180,
                "path": "variants/gbr.passport.type4.main.common.sample0_2.desc"
            },
            {
                "angle": 270,
                "path": "variants/gbr.passport.type4.main.common.sample0_3.desc"
            }
        ],
        "keypoints": "variants/gbr.passport.type4.main.common.sample0.txt"
    },
    {
        "(source)": "sources/gbr.passport.type4.main.common.sample1.png",
        "descriptors": [
            {
                "angle": 0,
                "path": "variants/gbr.passport.type4.main.common.sample1_0.desc"
            },
            {
                "angle": 90,
                "path": "variants/gbr.passport.type4.main.common.sample1_1.desc"
            },
            {
                "angle": 180,
                "path": "variants/gbr.passport.type4.main.common.sample1_2.desc"
            },
            {
                "angle": 270,
                "path": "variants/gbr.passport.type4.main.common.sample1_3.desc"
            }
        ],
        "keypoints": "variants/gbr.passport.type4.main.common.sample1.txt"
    },
    {
        "(source)": "sources/gbr.passport.type4.main.common.sample2.png",
        "descriptors": [
            {
                "angle": 0,
                "path": "variants/gbr.passport.type4.main.common.sample2_0.desc"
            },
            {
                "angle": 90,
                "path": "variants/gbr.passport.type4.main.common.sample2_1.desc"
            },
            {
                "angle": 180,
                "path": "variants/gbr.passport.type4.main.common.sample2_2.desc"
            },
            {
                "angle": 270,
                "path": "variants/gbr.passport.type4.main.common.sample2_3.desc"
            }
        ],
        "keypoints": "variants/gbr.passport.type4.main.common.sample2.txt"
    },
    {
        "(source)": "sources/gbr.passport.type4.main.common.sample3.png",
        "descriptors": [
            {
                "angle": 0,
                "path": "variants/gbr.passport.type4.main.common.sample3_0.desc"
            },
            {
                "angle": 90,
                "path": "variants/gbr.passport.type4.main.common.sample3_1.desc"
            },
            {
                "angle": 180,
                "path": "variants/gbr.passport.type4.main.common.sample3_2.desc"
            },
            {
                "angle": 270,
                "path": "variants/gbr.passport.type4.main.common.sample3_3.desc"
            }
        ],
        "keypoints": "variants/gbr.passport.type4.main.common.sample3.txt"
    }
]
