{
    "(sample)": "bra.drvlic.type1.back.common/sample.png",
    "features": {
        "content": {
            "(ffe)": ":/docs/bra/ffe_config_mobile.json",
            "descriptor_size": 296,
            "descriptor_type": "uint1",
            "rotations": 4,
            "variants": "bra.drvlic.type1.back.common/variants.json"
        },
        "type": "common"
    },
    "name": "bra.drvlic.type1:back",
    "size_mm": [
        84.8,
        59.0
    ],
    "size_px": [
        848,
        590
    ]
}