{
    "(sample)": "bra.re_license.type1.back.common/sample.png",
    "features": {
        "content": {
            "(ffe)": ":/docs/bra/ffe_config_mobile.json",
            "descriptor_size": 296,
            "descriptor_type": "uint1",
            "rotations": 4,
            "variants": "bra.re_license.type1.back.common/variants.json"
        },
        "type": "common"
    },
    "name": "bra.re_license.type1:back",
    "size_mm": [
        85.6,
        54.0
    ],
    "size_px": [
        856,
        540
    ]
}