{
    "descriptors": {
        "descriptor_size": 37,
        "descriptors_path": "gbr_drvlic_type2_front_common_0.bst.desc"
    },
    "boosting_params": [
        {
            "weight": 0.022843530986241231823,
            "threshold": 58
        },
        {
            "weight": 0.024890989669658237365,
            "threshold": 53
        },
        {
            "weight": 0.021588237803849261165,
            "threshold": 48
        },
        {
            "weight": 0.019849924683151765753,
            "threshold": 74
        },
        {
            "weight": 0.021270126635381466501,
            "threshold": 59
        },
        {
            "weight": 0.016256057437485628425,
            "threshold": 56
        },
        {
            "weight": 0.016590802702050020528,
            "threshold": 60
        },
        {
            "weight": 0.01915018439197486641,
            "threshold": 55
        },
        {
            "weight": 0.021290284370163451572,
            "threshold": 60
        },
        {
            "weight": 0.018406971978638362458,
            "threshold": 66
        },
        {
            "weight": 0.015248381353619227738,
            "threshold": 55
        },
        {
            "weight": 0.016301126055678540755,
            "threshold": 62
        },
        {
            "weight": 0.017704875652097350203,
            "threshold": 54
        },
        {
            "weight": 0.015534790114151235049,
            "threshold": 51
        },
        {
            "weight": 0.015705914070927459725,
            "threshold": 58
        },
        {
            "weight": 0.014115822204702100848,
            "threshold": 63
        },
        {
            "weight": 0.01651051746070811288,
            "threshold": 55
        },
        {
            "weight": 0.018415363357604061512,
            "threshold": 66
        },
        {
            "weight": 0.015408157795376065807,
            "threshold": 70
        },
        {
            "weight": 0.016998018017460606033,
            "threshold": 68
        },
        {
            "weight": 0.015321467081766541526,
            "threshold": 60
        },
        {
            "weight": 0.018523785970221553349,
            "threshold": 49
        },
        {
            "weight": 0.017071306367457624725,
            "threshold": 59
        },
        {
            "weight": 0.015301393605859798033,
            "threshold": 84
        },
        {
            "weight": 0.015506469545636522231,
            "threshold": 54
        },
        {
            "weight": 0.015114828909369094206,
            "threshold": 54
        },
        {
            "weight": 0.016799109012744114361,
            "threshold": 64
        },
        {
            "weight": 0.015836077950105491297,
            "threshold": 52
        },
        {
            "weight": 0.018363502301529256722,
            "threshold": 65
        },
        {
            "weight": 0.018034636896813754925,
            "threshold": 69
        },
        {
            "weight": 0.016360753623932994261,
            "threshold": 63
        },
        {
            "weight": 0.017191017536777632169,
            "threshold": 58
        },
        {
            "weight": 0.018350994371409020539,
            "threshold": 66
        },
        {
            "weight": 0.013454011040484471773,
            "threshold": 53
        },
        {
            "weight": 0.012931815867373330428,
            "threshold": 70
        },
        {
            "weight": 0.015469008702724707655,
            "threshold": 60
        },
        {
            "weight": 0.012907047002943148814,
            "threshold": 45
        },
        {
            "weight": 0.015248700604916221729,
            "threshold": 57
        },
        {
            "weight": 0.015113537375440950702,
            "threshold": 55
        },
        {
            "weight": 0.013736246857062870894,
            "threshold": 53
        },
        {
            "weight": 0.014339021160362444215,
            "threshold": 56
        },
        {
            "weight": 0.013959518389423275497,
            "threshold": 62
        },
        {
            "weight": 0.014059100033162236568,
            "threshold": 50
        },
        {
            "weight": 0.013937786079764319033,
            "threshold": 67
        },
        {
            "weight": 0.013776803684725162646,
            "threshold": 46
        },
        {
            "weight": 0.014086739487090795681,
            "threshold": 69
        },
        {
            "weight": 0.012338105046593002279,
            "threshold": 63
        },
        {
            "weight": 0.012599668825944296963,
            "threshold": 65
        },
        {
            "weight": 0.012085638307444206488,
            "threshold": 61
        },
        {
            "weight": 0.012296736507355882084,
            "threshold": 58
        },
        {
            "weight": 0.014282781595209657205,
            "threshold": 55
        },
        {
            "weight": 0.013385256375851828717,
            "threshold": 59
        },
        {
            "weight": 0.01521485763709000405,
            "threshold": 84
        },
        {
            "weight": 0.011807044147745152096,
            "threshold": 59
        },
        {
            "weight": 0.01410965211533412797,
            "threshold": 51
        },
        {
            "weight": 0.014106042148645255019,
            "threshold": 82
        },
        {
            "weight": 0.014274372025510814396,
            "threshold": 57
        },
        {
            "weight": 0.01264717287406202928,
            "threshold": 91
        },
        {
            "weight": 0.012764580909604824818,
            "threshold": 61
        },
        {
            "weight": 0.011013041117740138275,
            "threshold": 58
        },
        {
            "weight": 0.01390251050810619414,
            "threshold": 78
        },
        {
            "weight": 0.012395026714182005162,
            "threshold": 70
        },
        {
            "weight": 0.011805525492815674427,
            "threshold": 64
        },
        {
            "weight": 0.014097231450748532247,
            "threshold": 54
        }
    ]
}
