{
    "descriptors": {
        "descriptor_size": 37,
        "descriptors_path": "gbr_drvlic_type2_front_common_1.bst.desc"
    },
    "boosting_params": [
        {
            "weight": 0.069861714778258809933,
            "threshold": 64
        },
        {
            "weight": 0.06204978504291434882,
            "threshold": 53
        },
        {
            "weight": 0.053957590632688977317,
            "threshold": 61
        },
        {
            "weight": 0.037769772890650685215,
            "threshold": 66
        },
        {
            "weight": 0.033239120952751131932,
            "threshold": 65
        },
        {
            "weight": 0.028215369241867644529,
            "threshold": 60
        },
        {
            "weight": 0.028127179590814621601,
            "threshold": 49
        },
        {
            "weight": 0.024308330739513793473,
            "threshold": 58
        },
        {
            "weight": 0.025068721721545283998,
            "threshold": 75
        },
        {
            "weight": 0.019876177538998791861,
            "threshold": 51
        },
        {
            "weight": 0.019725245955739816039,
            "threshold": 97
        },
        {
            "weight": 0.016471678072318855779,
            "threshold": 81
        },
        {
            "weight": 0.022620592672008405649,
            "threshold": 82
        },
        {
            "weight": 0.016474817329581219194,
            "threshold": 83
        },
        {
            "weight": 0.016879582864830707661,
            "threshold": 71
        },
        {
            "weight": 0.021330310886027700756,
            "threshold": 72
        },
        {
            "weight": 0.019028140029429343322,
            "threshold": 33
        },
        {
            "weight": 0.020272884539659072334,
            "threshold": 68
        },
        {
            "weight": 0.014408035865565667344,
            "threshold": 59
        },
        {
            "weight": 0.017382952822787470226,
            "threshold": 51
        },
        {
            "weight": 0.014386173922500930175,
            "threshold": 69
        },
        {
            "weight": 0.015946687274951982377,
            "threshold": 56
        },
        {
            "weight": 0.014868299265573607995,
            "threshold": 56
        },
        {
            "weight": 0.017804480282369323368,
            "threshold": 76
        },
        {
            "weight": 0.013707904920612884458,
            "threshold": 90
        },
        {
            "weight": 0.016358077246468330501,
            "threshold": 48
        },
        {
            "weight": 0.01422014050532549069,
            "threshold": 65
        },
        {
            "weight": 0.013770651343998598776,
            "threshold": 69
        },
        {
            "weight": 0.0097290749266037597487,
            "threshold": 79
        },
        {
            "weight": 0.011399900244625631521,
            "threshold": 76
        },
        {
            "weight": 0.011509305494693545732,
            "threshold": 65
        },
        {
            "weight": 0.010883884330702722071,
            "threshold": 67
        },
        {
            "weight": 0.011390308772479831867,
            "threshold": 69
        },
        {
            "weight": 0.010284293358637602162,
            "threshold": 82
        },
        {
            "weight": 0.0098245783135342216325,
            "threshold": 65
        },
        {
            "weight": 0.0097814756424732807183,
            "threshold": 67
        },
        {
            "weight": 0.0096752050079513124414,
            "threshold": 70
        },
        {
            "weight": 0.0092652852975647244371,
            "threshold": 80
        },
        {
            "weight": 0.0075798159210695584612,
            "threshold": 85
        },
        {
            "weight": 0.0090055022660495732956,
            "threshold": 73
        },
        {
            "weight": 0.012120933652752319612,
            "threshold": 62
        },
        {
            "weight": 0.0088472206779279752992,
            "threshold": 40
        },
        {
            "weight": 0.0088017380141195006304,
            "threshold": 70
        },
        {
            "weight": 0.010169290512055962836,
            "threshold": 87
        },
        {
            "weight": 0.009122800340970693006,
            "threshold": 72
        },
        {
            "weight": 0.0079567064792719858352,
            "threshold": 88
        },
        {
            "weight": 0.0063533808414003630632,
            "threshold": 77
        },
        {
            "weight": 0.00661747064561260534,
            "threshold": 76
        },
        {
            "weight": 0.010197855835957263942,
            "threshold": 39
        },
        {
            "weight": 0.0089123227790211412974,
            "threshold": 56
        },
        {
            "weight": 0.0078787759148557096056,
            "threshold": 17
        },
        {
            "weight": 0.008814042271594029615,
            "threshold": 96
        },
        {
            "weight": 0.0080524025184262378735,
            "threshold": 28
        },
        {
            "weight": 0.0078641605159544287346,
            "threshold": 93
        },
        {
            "weight": 0.0067049799862876650544,
            "threshold": 76
        },
        {
            "weight": 0.0074624633704023285094,
            "threshold": 69
        },
        {
            "weight": 0.0077028464910346393368,
            "threshold": 74
        },
        {
            "weight": 0.0070680890814744223166,
            "threshold": 51
        },
        {
            "weight": 0.0073534910075503511634,
            "threshold": 85
        },
        {
            "weight": 0.0059669595641581975667,
            "threshold": 82
        },
        {
            "weight": 0.005973991949537598399,
            "threshold": 43
        },
        {
            "weight": 0.007440516807369101579,
            "threshold": 69
        },
        {
            "weight": 0.0071919283391373061212,
            "threshold": 76
        },
        {
            "weight": 0.0069665838969889650259,
            "threshold": 94
        }
    ]
}
