{
    "descriptors": {
        "descriptor_size": 37,
        "descriptors_path": "gbr_drvlic_type2_front_common_3.bst.desc"
    },
    "boosting_params": [
        {
            "weight": 0.061483814196230696103,
            "threshold": 60
        },
        {
            "weight": 0.060085674395873270304,
            "threshold": 55
        },
        {
            "weight": 0.04100421750958953282,
            "threshold": 62
        },
        {
            "weight": 0.032358929142993854422,
            "threshold": 54
        },
        {
            "weight": 0.032591565125797992974,
            "threshold": 71
        },
        {
            "weight": 0.025522791731243939933,
            "threshold": 62
        },
        {
            "weight": 0.031036254355173924224,
            "threshold": 54
        },
        {
            "weight": 0.025287294177604679318,
            "threshold": 61
        },
        {
            "weight": 0.023949174583741308919,
            "threshold": 75
        },
        {
            "weight": 0.025755132472850741226,
            "threshold": 64
        },
        {
            "weight": 0.019453654218720327351,
            "threshold": 64
        },
        {
            "weight": 0.020757987661643592658,
            "threshold": 71
        },
        {
            "weight": 0.019664977954676809979,
            "threshold": 86
        },
        {
            "weight": 0.019845724854483146049,
            "threshold": 81
        },
        {
            "weight": 0.018194638067809014437,
            "threshold": 60
        },
        {
            "weight": 0.018495574139765196681,
            "threshold": 75
        },
        {
            "weight": 0.017698651104725536543,
            "threshold": 65
        },
        {
            "weight": 0.014515055416653143208,
            "threshold": 57
        },
        {
            "weight": 0.015770277490968053619,
            "threshold": 70
        },
        {
            "weight": 0.017773316571760677807,
            "threshold": 74
        },
        {
            "weight": 0.016461585175660563285,
            "threshold": 76
        },
        {
            "weight": 0.016838490560785599609,
            "threshold": 79
        },
        {
            "weight": 0.015638890674723623236,
            "threshold": 66
        },
        {
            "weight": 0.014744705376791187104,
            "threshold": 84
        },
        {
            "weight": 0.01585338641418041275,
            "threshold": 77
        },
        {
            "weight": 0.012288839950421442254,
            "threshold": 71
        },
        {
            "weight": 0.012243725245431250417,
            "threshold": 66
        },
        {
            "weight": 0.012645341297956701893,
            "threshold": 83
        },
        {
            "weight": 0.011678143133908278767,
            "threshold": 67
        },
        {
            "weight": 0.014006984891821706862,
            "threshold": 63
        },
        {
            "weight": 0.012073754111641547479,
            "threshold": 94
        },
        {
            "weight": 0.014992526584332664663,
            "threshold": 68
        },
        {
            "weight": 0.012705956934548193193,
            "threshold": 73
        },
        {
            "weight": 0.012697027539780527186,
            "threshold": 86
        },
        {
            "weight": 0.010061371285413449328,
            "threshold": 56
        },
        {
            "weight": 0.01264982610540573045,
            "threshold": 62
        },
        {
            "weight": 0.010966944804864119101,
            "threshold": 44
        },
        {
            "weight": 0.011460230756910131864,
            "threshold": 94
        },
        {
            "weight": 0.0094357042562200291874,
            "threshold": 83
        },
        {
            "weight": 0.010772771293054261843,
            "threshold": 72
        },
        {
            "weight": 0.0091547048731981921915,
            "threshold": 82
        },
        {
            "weight": 0.010405092008623183231,
            "threshold": 75
        },
        {
            "weight": 0.01096328661203136573,
            "threshold": 93
        },
        {
            "weight": 0.0097030562153996927077,
            "threshold": 67
        },
        {
            "weight": 0.010306140401395944353,
            "threshold": 52
        },
        {
            "weight": 0.008469651182754158944,
            "threshold": 39
        },
        {
            "weight": 0.010241811145110513853,
            "threshold": 81
        },
        {
            "weight": 0.0072165660628612871355,
            "threshold": 74
        },
        {
            "weight": 0.0070391823398296519965,
            "threshold": 74
        },
        {
            "weight": 0.0069664060274648503465,
            "threshold": 74
        },
        {
            "weight": 0.0083126280545401786543,
            "threshold": 64
        },
        {
            "weight": 0.009478908844364789324,
            "threshold": 64
        },
        {
            "weight": 0.0075205604971409238321,
            "threshold": 52
        },
        {
            "weight": 0.0067032332332199644556,
            "threshold": 77
        },
        {
            "weight": 0.0077863482752526949962,
            "threshold": 79
        },
        {
            "weight": 0.0091880880416210491263,
            "threshold": 89
        },
        {
            "weight": 0.0074634766971291045812,
            "threshold": 46
        },
        {
            "weight": 0.0075369567074372130142,
            "threshold": 75
        },
        {
            "weight": 0.0080010287691484396899,
            "threshold": 81
        },
        {
            "weight": 0.0089169756779630560822,
            "threshold": 87
        },
        {
            "weight": 0.0074691715789593710398,
            "threshold": 76
        },
        {
            "weight": 0.0070035083018498743915,
            "threshold": 93
        },
        {
            "weight": 0.0068766712732630597485,
            "threshold": 76
        },
        {
            "weight": 0.0058156356132842571341,
            "threshold": 90
        }
    ]
}
