{
    "descriptors": {
        "descriptor_size": 37,
        "descriptors_path": "gbr_drvlic_type2_front_common_2.bst.desc"
    },
    "boosting_params": [
        {
            "weight": 0.031367643781554779836,
            "threshold": 55
        },
        {
            "weight": 0.025522447981183919025,
            "threshold": 59
        },
        {
            "weight": 0.023787373142739959286,
            "threshold": 66
        },
        {
            "weight": 0.02301765365250029588,
            "threshold": 44
        },
        {
            "weight": 0.027593144574724101648,
            "threshold": 61
        },
        {
            "weight": 0.020465015161356583939,
            "threshold": 63
        },
        {
            "weight": 0.020409649587334790372,
            "threshold": 65
        },
        {
            "weight": 0.021804241373625840583,
            "threshold": 46
        },
        {
            "weight": 0.019957745745159731487,
            "threshold": 56
        },
        {
            "weight": 0.017829069496531076144,
            "threshold": 63
        },
        {
            "weight": 0.017978739790376375984,
            "threshold": 53
        },
        {
            "weight": 0.016754204323150424794,
            "threshold": 75
        },
        {
            "weight": 0.018069963196273981093,
            "threshold": 55
        },
        {
            "weight": 0.01667267010777634742,
            "threshold": 61
        },
        {
            "weight": 0.019803867206928449374,
            "threshold": 55
        },
        {
            "weight": 0.018189382508051205739,
            "threshold": 71
        },
        {
            "weight": 0.018421903826880834526,
            "threshold": 69
        },
        {
            "weight": 0.018142510301204096967,
            "threshold": 51
        },
        {
            "weight": 0.01738614980978469074,
            "threshold": 69
        },
        {
            "weight": 0.016511299977283754037,
            "threshold": 66
        },
        {
            "weight": 0.015324694409075910115,
            "threshold": 61
        },
        {
            "weight": 0.014533771700082340206,
            "threshold": 69
        },
        {
            "weight": 0.016030795282401758689,
            "threshold": 56
        },
        {
            "weight": 0.01395430104721928459,
            "threshold": 51
        },
        {
            "weight": 0.013504507919837005839,
            "threshold": 63
        },
        {
            "weight": 0.013570989812697322949,
            "threshold": 68
        },
        {
            "weight": 0.015887832913939945595,
            "threshold": 52
        },
        {
            "weight": 0.014242421347652000838,
            "threshold": 56
        },
        {
            "weight": 0.01621048389844085072,
            "threshold": 74
        },
        {
            "weight": 0.014416554584580978937,
            "threshold": 82
        },
        {
            "weight": 0.013483645996768501771,
            "threshold": 61
        },
        {
            "weight": 0.01437654132417782657,
            "threshold": 60
        },
        {
            "weight": 0.012995958071183564414,
            "threshold": 64
        },
        {
            "weight": 0.014220820134088759529,
            "threshold": 75
        },
        {
            "weight": 0.015009245939557443184,
            "threshold": 56
        },
        {
            "weight": 0.013462639238511344558,
            "threshold": 69
        },
        {
            "weight": 0.012833084927953361531,
            "threshold": 62
        },
        {
            "weight": 0.014453025403741217095,
            "threshold": 51
        },
        {
            "weight": 0.014775815941051068103,
            "threshold": 79
        },
        {
            "weight": 0.015858211958773987815,
            "threshold": 56
        },
        {
            "weight": 0.012679186413062966052,
            "threshold": 71
        },
        {
            "weight": 0.014743847871369765434,
            "threshold": 47
        },
        {
            "weight": 0.015560809232212625963,
            "threshold": 75
        },
        {
            "weight": 0.013434766147272280204,
            "threshold": 62
        },
        {
            "weight": 0.012998600023807729137,
            "threshold": 56
        },
        {
            "weight": 0.013112915885662431575,
            "threshold": 64
        },
        {
            "weight": 0.01357908495488645631,
            "threshold": 53
        },
        {
            "weight": 0.01298727333913458383,
            "threshold": 75
        },
        {
            "weight": 0.011469954617314172957,
            "threshold": 71
        },
        {
            "weight": 0.011271719692205979524,
            "threshold": 72
        },
        {
            "weight": 0.012447243815894272478,
            "threshold": 58
        },
        {
            "weight": 0.012043338036509811453,
            "threshold": 56
        },
        {
            "weight": 0.013896925051692680594,
            "threshold": 59
        },
        {
            "weight": 0.014076147488535686522,
            "threshold": 75
        },
        {
            "weight": 0.013422833226686777322,
            "threshold": 57
        },
        {
            "weight": 0.012060991393385197754,
            "threshold": 73
        },
        {
            "weight": 0.011886702801968707446,
            "threshold": 60
        },
        {
            "weight": 0.01242528418680901095,
            "threshold": 67
        },
        {
            "weight": 0.010928121356493689445,
            "threshold": 64
        },
        {
            "weight": 0.011879968645772514754,
            "threshold": 53
        },
        {
            "weight": 0.010658367204705553044,
            "threshold": 68
        },
        {
            "weight": 0.011634600249241825246,
            "threshold": 48
        },
        {
            "weight": 0.011193767261336969726,
            "threshold": 67
        },
        {
            "weight": 0.010777533707882674952,
            "threshold": 67
        }
    ]
}
